source_file,string_id,jp,local_candidates_json,latest_pr_content,latest_pr_created_at,latest_pr_id,database_content,database_updated_at,selected_content
dup:field,dup:0b842379b930,花で殺す\n,"[""用花杀死\\n"", ""笑里藏刀\n""]",笑里藏刀\n,2026-06-21 06:16:42.499711+00,4db53b21-c7c8-4ac7-8fd0-c2a5aaf157e4,,,
dup:field,dup:0fbf7b3cf66d,ラスト・バタリオンのエスパー歩兵。\n精神改造され超能力を発揮する。\n<c6/>\n,"[""最后军团的超能力步兵。\n通过精神改造可以发挥超能力。\n<c6/>\n"", ""最后军团的超能力步兵。\n通过精神改造可以施展超能力。\n<c6/>\n""]",最后军团的超能力步兵。\n通过精神改造可以发挥超能力。\n<c6/>\n,2026-06-23 20:41:35.346509+00,b1bd3698-21c1-4093-b0de-00c991b26713,,,
dup:field,dup:245113b3fe63,撮り殺す\n,"[""抓拍丑态\n"", ""拍照杀死\\n""]",抓拍丑态\n,2026-06-21 06:16:42.499711+00,4db53b21-c7c8-4ac7-8fd0-c2a5aaf157e4,,,
dup:field,dup:2518e0978298,<c5:0/><c1e:0/><c1d:11/>二人の関係<c1d:9/>\n 口より手ガ先に出る、似た者同士<c1d:1/>\n<c6/>\n,"[""<c5:0/><c1e:0/><c1d:11/>两人的关系<c1d:9/>\n 动手比动口快的、相似的一对<c1d:1/>\n<c6/>\n"", ""<c5:0/><c1e:0/><c1d:11/>两人的关系<c1d:9/>\n 动手比动口快，性格相似的一对<c1d:1/>\n<c6/>\n""]",<c5:0/><c1e:0/><c1d:11/>两人的关系<c1d:9/>\n 动手比动口快，性格相似的一对<c1d:1/>\n<c6/>\n,2026-06-21 06:16:42.499711+00,4db53b21-c7c8-4ac7-8fd0-c2a5aaf157e4,,,
dup:field,dup:29c3fbdda6de,漢を語る\n,"[""论男子汉\n"", ""谈男子气\n""]",论男子汉\n,2026-06-21 06:16:42.499711+00,4db53b21-c7c8-4ac7-8fd0-c2a5aaf157e4,,,
dup:field,dup:343ad73b5e03,七福神の一人 恵比寿神\n海の幸をもたらす神\n<c6/>\n,"[""七福神之一 惠比寿神\n带来海洋恩惠的神\n<c6/>\n"", ""七福神之一 惠比寿神\n带来海洋物产的神\n<c6/>\n""]",七福神之一 惠比寿神\n带来海洋恩惠的神\n<c6/>\n,2026-06-23 19:29:13.337846+00,ffc94276-c5b2-46a7-a25b-1d55adab1089,,,
dup:field,dup:3989992770fb,<c5:0/><c1e:0/>月刊クーレストの雑誌記者。\n明るく快活で、\n健康的な色気を振りまく美女。\n<c6/>\n,"[""<c5:0/><c1e:0/>月刊Coolest的杂志记者。\n开朗活泼，\n散发着健康魅力的美女。\n<c6/>\n"", ""<c5:0/><c1e:0/>月刊库雷斯特的杂志记者。\n开朗活泼，\n散发着健康魅力的美女。\n<c6/>\n""]",<c5:0/><c1e:0/>月刊Coolest的杂志记者。\n开朗活泼，\n散发着健康魅力的美女。\n<c6/>\n,2026-06-17 10:34:53.303302+00,2633bfff-9a78-4dac-87ce-d8254d0ac466,,,
dup:field,dup:4075a249ea0c,褒め殺す\n,"[""捧杀\n"", ""赞美至死\n""]",捧杀\n,2026-06-21 06:16:42.499711+00,4db53b21-c7c8-4ac7-8fd0-c2a5aaf157e4,,,
dup:field,dup:549f429916d9,親子を語る\n,"[""谈亲子\n"", ""谈论亲情\n""]",谈论亲情\n,2026-06-21 06:16:42.499711+00,4db53b21-c7c8-4ac7-8fd0-c2a5aaf157e4,,,
dup:field,dup:8946b443c14d,<c5:0/><c1e:0/><c1d:11/>三人の関係<c1d:9/>\n 女三人、奇妙な連帯感と、競い合う微妙な女心?<c1d:1/>\n<c6/>\n,"[""<c5:0/><c1e:0/><c1d:11/>三人的关系<c1d:9/>\n 三个女人奇妙的团结又怀揣竞争的女性心理？<c1d:1/>\n<c6/>\n"", ""<c5:0/><c1e:0/><c1d:11/>三人的关系<c1d:9/>\\n 三女奇妙团结又竞争的女心？<c1d:1/>\\n<c6/>\\n""]",<c5:0/><c1e:0/><c1d:11/>三人的关系<c1d:9/>\n 三个女人奇妙的团结又怀揣竞争的女性心理？<c1d:1/>\n<c6/>\n,2026-06-21 06:16:42.499711+00,4db53b21-c7c8-4ac7-8fd0-c2a5aaf157e4,,,
dup:field,dup:a5ec4e739fc3,星占いをする\n,"[""占星\\n"", ""星座占卜\n""]",星座占卜\n,2026-06-21 06:16:42.499711+00,4db53b21-c7c8-4ac7-8fd0-c2a5aaf157e4,,,
dup:field,dup:b5d9a1e8a384,<c5:0/><c1e:0/><c1d:11/>三人の関係<c1d:9/>\n 女三人、信頼しなガらも競い合う、微妙な女心?<c1d:1/>\n<c6/>\n,"[""<c5:0/><c1e:0/><c1d:11/>三人的关系<c1d:9/>\n 三个女人互相信任又相互竞争的微妙女性心理？<c1d:1/>\n<c6/>\n"", ""<c5:0/><c1e:0/><c1d:11/>三人的关系<c1d:9/>\\n 三女信任又竞争的女心？<c1d:1/>\\n<c6/>\\n""]",<c5:0/><c1e:0/><c1d:11/>三人的关系<c1d:9/>\n 三个女人互相信任又相互竞争的微妙女性心理？<c1d:1/>\n<c6/>\n,2026-06-21 06:16:42.499711+00,4db53b21-c7c8-4ac7-8fd0-c2a5aaf157e4,,,
dup:script,dup:0044fb405f65,"
<SURNAME/>そう。
<SURNAME/>じゃあ、また噂ガ聞きたくなったら来てよ。
<SURNAME/>僕はここで、ひたすらエンガワ食べてるからさ。","[""\n<SURNAME/>嗯。\n<SURNAME/>那，想听八卦了再来吧。\n<SURNAME/>我就一直在这儿吃鱼腩呢。"", ""\n<SURNAME/>是啊。\n<SURNAME/>那，想听传闻的时候再来吧。\n<SURNAME/>我会一直在这儿吃鱼腩的。"", ""\n<SURNAME/>是啊。\n<SURNAME/>那，想听传闻的时候再来吧。\n<SURNAME/>我就在这儿，一直吃着鱼腩呢。"", ""\n<SURNAME/>行。\n<SURNAME/>想听传闻随时来，\n<SURNAME/>老子就在这儿埋头啃鳕鱼边～"", ""\n<SURNAME/>行吧，\n<SURNAME/>那等你想听传闻的时候再来找我吧。\n<SURNAME/>我就一直坐在这儿吃鱼腩。""]",\n<SURNAME/>行吧，\n<SURNAME/>那等你想听传闻的时候再来找我吧。\n<SURNAME/>我就一直坐在这儿吃鱼腩。,2026-06-20 14:25:11.914441+00,0be72aff-33b7-40c4-82ca-dd439af37e70,,,
dup:script,dup:04ec6c3afcda,"
<SURNAME/>なんでも夢崎区のトニーの店じゃ、
<SURNAME/>本物の武器を売ってるそうッスよ。
<SURNAME/>品揃えはいいけど下取り価格ガ安いそうッス。","[""\n<SURNAME/>听说在梦崎区的托尼的店\n<SURNAME/>在卖真武器呢。\n<SURNAME/>品种齐全但回收价低。"", ""\n<SURNAME/>听说在梦崎区的托尼的店，\n<SURNAME/>有卖真正的武器呢。\n<SURNAME/>据说品种齐全但回收价格低呢。"", ""\n<SURNAME/>听说梦崎区托尼's店\n<SURNAME/>在卖真武器呢。\n<SURNAME/>品种全但回收价低。"", ""\n<SURNAME/>听说梦崎区的托尼店\n<SURNAME/>在卖真武器呢。\n<SURNAME/>品种多但回收价低哦。"", ""\n<SURNAME/>听说梦崎区的托尼的店\n<SURNAME/>在卖真武器呢。\n<SURNAME/>种类齐全，但回收价特别低就是了。""]",\n<SURNAME/>听说梦崎区的托尼的店\n<SURNAME/>在卖真武器呢。\n<SURNAME/>种类齐全，但回收价特别低就是了。,2026-06-20 14:25:11.914441+00,0be72aff-33b7-40c4-82ca-dd439af37e70,,,
dup:script,dup:07acf668b3b1,"
<SURNAME/>じゃあ僕のネタ。<c1d:13/>懸賞マガジン<c1d:1/>ってあるよね?
<SURNAME/>なんでも、<c1d:13/>本物の武器や珍品<c1d:1/>ガ当たるらしいんだ。
<SURNAME/><c1d:13/>滅多に当たらないけど凄く珍しい物<c1d:1/>だって噂だよ","[""\n<SURNAME/>我说个料：<c1d:13/>悬赏杂志<c1d:1/>知道吧？\n<SURNAME/>据说能抽到<c1d:13/>真武器和珍品<c1d:1/>呢。\n<SURNAME/><c1d:13/>中奖率超低但都是稀罕货<c1d:1/>哦"", ""\n<SURNAME/>那到我说了。不是有个叫<c1d:13/>悬赏杂志<c1d:1/>的东西吗?\n<SURNAME/>我听说那个能抽中<c1d:13/>真的武器和稀有珍品<c1d:1/>哦。\n<SURNAME/><c1d:13/>虽然很难抽中，但是都很稀有<c1d:1/>呢。"", ""\n<SURNAME/>那我的传闻。<c1d:13/>悬赏杂志<c1d:1/>你知道吧？\n<SURNAME/>听说能抽中<c1d:13/>真正的武器和珍品<c1d:1/>哦。\n<SURNAME/>虽然<c1d:13/>很难中奖但都是非常稀有的东西<c1d:1/>的传闻呢。"", ""\n<SURNAME/>那我的消息。<c1d:13/>悬赏杂志<c1d:1/>有吧？\n<SURNAME/>据说能中<c1d:13/>真正的武器和珍品<c1d:1/>呢。\n<SURNAME/><c1d:13/>虽然很少中奖但东西超稀有<c1d:1/>的传闻哦。"", ""\n<SURNAME/>那说我的料。<c1d:13/>悬赏杂志<c1d:1/>知道吧？\n<SURNAME/>听说能抽到<c1d:13/>真家伙和珍品<c1d:1/>哦。\n<SURNAME/><c1d:13/>虽然难中但超稀有<c1d:1/>的传闻啦。""]",\n<SURNAME/>那到我说了。不是有个叫<c1d:13/>悬赏杂志<c1d:1/>的东西吗?\n<SURNAME/>我听说那个能抽中<c1d:13/>真的武器和稀有珍品<c1d:1/>哦。\n<SURNAME/><c1d:13/>虽然很难抽中，但是都很稀有<c1d:1/>呢。,2026-06-20 14:25:11.914441+00,0be72aff-33b7-40c4-82ca-dd439af37e70,,,
dup:script,dup:0907aa3089a3,"
<SURNAME/>あのアニマムンディで
<SURNAME/>本物の防具ガ買えてしまうんスか?
<SURNAME/>品揃えはいいガ下取り価格ガ安いと聞いたッスガ","[""\n<SURNAME/>世界之灵那地方\n<SURNAME/>居然能买到真防具吗？\n<SURNAME/>听说种类很齐全，但是回收价很低就是了。"", ""\n<SURNAME/>那个Anima Mundi\n<SURNAME/>居然能买到真防具吗？\n<SURNAME/>商品种类不错但但回收价听说低的说的说"", ""\n<SURNAME/>那个阿尼玛·蒙迪\n<SURNAME/>居然能买到真防具？\n<SURNAME/>听说品种齐全但回收价低。"", ""\n<SURNAME/>那个阿尼玛蒙迪\n<SURNAME/>居然能买到真防具吗？\n<SURNAME/>听说品种齐全但回收价很低。""]",\n<SURNAME/>世界之灵那地方\n<SURNAME/>居然能买到真防具吗？\n<SURNAME/>听说种类很齐全，但是回收价很低就是了。,2026-06-20 14:25:11.914441+00,0be72aff-33b7-40c4-82ca-dd439af37e70,,,
dup:script,dup:09b8d90f3052,"
<SURNAME/>MUSESはまだ3人目を隠してるんスね。
<SURNAME/>謎に興味を抱くは人の性。<pause:15/>
<SURNAME/>上手い売り込み方をするもんッスよ。","[""\n<SURNAME/>MUSES还在隐藏第三位成员呢。\n<SURNAME/>对谜题感兴趣是人之常情。<pause:15/>\n<SURNAME/>真是高明的营销手法呢。"", ""\n<SURNAME/>MUSES还藏着第三个人呢。\n<SURNAME/>对谜团感兴趣是人之常情。<pause:15/>\n<SURNAME/>真是高明的宣传手法啊。"", ""\n<SURNAME/>MUSES还藏着第三个人呢～\n<SURNAME/>对谜题感兴趣是人的天性。<pause:15/>\n<SURNAME/>真是高明的推销方式啊～"", ""\n<SURNAME/>缪斯还在隐瞒第三个人呢。\n<SURNAME/>人对谜题总是充满兴趣。<pause:15/>\n<SURNAME/>这宣传手法真高明啊。""]",\n<SURNAME/>MUSES还藏着第三个人呢～\n<SURNAME/>对谜题感兴趣是人的天性。<pause:15/>\n<SURNAME/>真是高明的推销方式啊～,2026-06-20 14:25:11.914441+00,0be72aff-33b7-40c4-82ca-dd439af37e70,,,
dup:script,dup:0cbc21691302,"
<SURNAME/>お、俺ぁ、親父だきゃあダメなんだ…<pause:30/>
<SURNAME/>ガキの頃から、あのダミ声でどなられると、
<SURNAME/>身体ガ固まっちまうんだよお〜","[""\n<SURNAME/>呜、老子就是怕老爸啊…<pause:30/>\n<SURNAME/>从小被他那破锣嗓子一吼，\n<SURNAME/>身体就僵住动不了啊〜"", ""\n<SURNAME/>我、我啊，是真怕我老爸…<pause:30/>\n<SURNAME/>从小时候就这样，被他那破嗓子一吼，\n<SURNAME/>整个人身体就僵住了呀〜"", ""\n<SURNAME/>老、老子啊，对老爸不行啊…<pause:30/>\n<SURNAME/>从小时候起，被那个沙哑的声音一吼，\n<SURNAME/>身体就僵住啦～""]",\n<SURNAME/>我、我啊，是真怕我老爸…<pause:30/>\n<SURNAME/>从小时候就这样，被他那破嗓子一吼，\n<SURNAME/>整个人身体就僵住了呀〜,2026-06-20 14:25:11.914441+00,0be72aff-33b7-40c4-82ca-dd439af37e70,,,
dup:script,dup:0d0160329a66,"
<SURNAME/>なんでも夢崎区のトニーの店じゃ、
<SURNAME/>本物の武器を売ってるそうッスよ。
<SURNAME/>値段は安いガ、質ガ良くないそうッス。","[""\n<SURNAME/>听说在梦崎区的托尼的店\n<SURNAME/>在卖真武器呢。\n<SURNAME/>价格便宜但品质不好。"", ""\n<SURNAME/>听说在梦崎区的托尼的店，\n<SURNAME/>有卖真正的武器呢。\n<SURNAME/>据说价格便宜但质量不好呢。"", ""\n<SURNAME/>听说梦崎区托尼's店\n<SURNAME/>在卖真武器呢。\n<SURNAME/>价格便宜但质量差。"", ""\n<SURNAME/>听说梦崎区的托尼店\n<SURNAME/>在卖真武器呢。\n<SURNAME/>价格便宜但质量差哦。"", ""\n<SURNAME/>听说梦崎区的托尼的店\n<SURNAME/>在卖真武器呢。\n<SURNAME/>价格便宜，但质量不行就是了。""]",\n<SURNAME/>听说梦崎区的托尼的店\n<SURNAME/>在卖真武器呢。\n<SURNAME/>价格便宜，但质量不行就是了。,2026-06-20 14:25:11.914441+00,0be72aff-33b7-40c4-82ca-dd439af37e70,,,
dup:script,dup:0d3083c52906,"
<SURNAME/>へぇ〜<pause:30/>
<SURNAME/>セブンスの時計ガ動くと大変な事ガ起きる?
<SURNAME/>そりゃまた、おおげさだねぇ。","[""\n<SURNAME/>嘿～<pause:30/>\n<SURNAME/>七姊妹的钟动了会发生大事？\n<SURNAME/>那也太夸张了吧。"", ""\n<SURNAME/>嘿～<pause:30/>\n<SURNAME/>七姐妹的大钟动了会有大事发生?\n<SURNAME/>那也太夸张了吧。"", ""\n<SURNAME/>诶～<pause:30/>\n<SURNAME/>七姊妹学园的钟动了会发生大事？\n<SURNAME/>那也太夸张了吧。"", ""\n<SURNAME/>诶～<pause:30/>\n<SURNAME/>七姊妹的钟动了会发生大事？\n<SURNAME/>那也太夸张了吧。""]",\n<SURNAME/>嘿～<pause:30/>\n<SURNAME/>七姐妹的大钟动了会有大事发生?\n<SURNAME/>那也太夸张了吧。,2026-06-20 14:25:11.914441+00,0be72aff-33b7-40c4-82ca-dd439af37e70,,,
dup:script,dup:0fd11b8006c1,"
<SURNAME/>聞きました?<SURNAME/>青華区のクレール・ド・リュンヌで
<SURNAME/>本物の武器を売っているそうッスよ。
<SURNAME/>品質も値段も普通なんだそうッス。","[""\n<SURNAME/>你听说了吗？<SURNAME/>青华区的月光之清\n<SURNAME/>在卖真武器呢。\n<SURNAME/>不过品质和价格都普普通通就是了。"", ""\n<SURNAME/>听说了吗?<SURNAME/>在青华区的Claire de Lune，\n<SURNAME/>有卖真正的武器呢。\n<SURNAME/>据说品质和价格都普通呢。"", ""\n<SURNAME/>听说了吗?<SURNAME/>青华区的克雷尔·德·吕讷\n<SURNAME/>在卖真武器呢。\n<SURNAME/>品质和价格都普通哦。"", ""\n<SURNAME/>听说了吗？<SURNAME/>青华区的克蕾尔·德·吕讷\n<SURNAME/>在卖真武器呢。\n<SURNAME/>品质和价格都普通。""]",\n<SURNAME/>你听说了吗？<SURNAME/>青华区的月光之清\n<SURNAME/>在卖真武器呢。\n<SURNAME/>不过品质和价格都普普通通就是了。,2026-06-20 14:25:11.914441+00,0be72aff-33b7-40c4-82ca-dd439af37e70,,,
dup:script,dup:109c04f6cb33,"
<SURNAME/>不甲斐ない。<pause:30/>
<SURNAME/>仮面党の頭領ガ、敵の情けを受けるのか?
","[""\n<SURNAME/>真没出息。<pause:30/>\n<SURNAME/>作为假面党的首领、竟接受敌人的怜悯?\n"", ""\n<SURNAME/>真没出息。<pause:30/>\n<SURNAME/>作为假面党的首领，竟接受敌人的怜悯吗?\n""]",\n<SURNAME/>真没出息。<pause:30/>\n<SURNAME/>作为假面党的首领、竟接受敌人的怜悯?\n,2026-06-21 14:32:30.2691+00,ed1eb644-81d6-481b-abdf-7a939e503a62,,,
dup:script,dup:14dff04dde9f,"
<SURNAME/>ラーメンしらいしのオバチャンは、
<SURNAME/>本当にロシアの女スパイだったそうっスね。","[""\n<SURNAME/>听说拉面白石的大妈，\n<SURNAME/>真的是俄罗斯女间谍呢。"", ""\n<SURNAME/>听说拉面白石的老板娘，\n<SURNAME/>真是俄罗斯女间谍的说呢。"", ""\n<SURNAME/>拉面白石的大妈，\n<SURNAME/>听说真的是俄罗斯女间谍呢。"", ""\n<SURNAME/>据说白石拉面店的那位大婶，\n<SURNAME/>真的是俄罗斯的女间谍呢～""]",\n<SURNAME/>据说白石拉面店的那位大婶，\n<SURNAME/>真的是俄罗斯的女间谍呢～,2026-06-20 14:25:11.914441+00,0be72aff-33b7-40c4-82ca-dd439af37e70,,,
dup:script,dup:14f5d39cdab4,"
<SURNAME/>時間城には伝説の武器という物ガあるらしいッスガ
<SURNAME/>あそこの店主、値を吊り上げる為に、
<SURNAME/>そんな物は無いと言い張っているみたいッスよ。","[""\n<SURNAME/>据说时间城有传说武器卖，\n<SURNAME/>但那里的店主为了抬价，\n<SURNAME/>就硬说没有那种东西。"", ""\n<SURNAME/>时间城好像有传说中的武器，\n<SURNAME/>但那里的店主为了抬价，\n<SURNAME/>硬说没有这种东西。"", ""\n<SURNAME/>时间城好像有传说武器，\n<SURNAME/>但那里的店主为了抬价，\n<SURNAME/>硬说没有那种东西。"", ""\n<SURNAME/>时间城有传说武器这种东西的说\n<SURNAME/>但那里的店主，为了抬价，\n<SURNAME/>好像坚持说没有那种东西的说哦。"", ""\n<SURNAME/>时间城有传说武器，\n<SURNAME/>但店主为抬价，\n<SURNAME/>硬说没有。""]",\n<SURNAME/>据说时间城有传说武器卖，\n<SURNAME/>但那里的店主为了抬价，\n<SURNAME/>就硬说没有那种东西。,2026-06-20 14:25:11.914441+00,0be72aff-33b7-40c4-82ca-dd439af37e70,,,
dup:script,dup:1ca6cebddd2f,"
<SURNAME/>私もこの連続テロの犯人は仮面党だと
<SURNAME/>思っていたッスガ、最近、若い5人組ガ
<SURNAME/>犯人だという噂も聞いたッス。真実はどっち?","[""\n<SURNAME/>我也以为这场连环恐怖袭击的犯人是假面党，\n<SURNAME/>但是最近又有传闻说犯人是年轻的5人组，\n<SURNAME/>到底哪个是真相啊？"", ""\n<SURNAME/>我也以为连续恐怖袭击的犯人是假面党，\n<SURNAME/>但最近听说有传闻说是年轻的五人组\n<SURNAME/>是犯人。真相到底是哪个呢?"", ""\n<SURNAME/>我也以为连续恐怖袭击的犯人是假面党，\n<SURNAME/>但最近听说，是五个年轻人干的。\n<SURNAME/>真相到底是哪个?""]",\n<SURNAME/>我也以为这场连环恐怖袭击的犯人是假面党，\n<SURNAME/>但是最近又有传闻说犯人是年轻的5人组，\n<SURNAME/>到底哪个是真相啊？,2026-06-20 14:25:11.914441+00,0be72aff-33b7-40c4-82ca-dd439af37e70,,,
dup:script,dup:1db1bbb591de,"
<SURNAME/>パパパ、パンツ番長!
<SURNAME/>ううう、後ろ、後ろ後ろお!!
","[""\n<SURNAME/>内、内、内裤番长! \n<SURNAME/>后后后、后面、后面后面啊!!\n"", ""\n<SURNAME/>内、内裤番长！\n<SURNAME/>后后后、后面、后面啊!!\n""]",\n<SURNAME/>胖、胖、胖次番长! \n<SURNAME/>后后后、后面、后面后面啊!!\n,2026-06-27 07:28:31.10981+00,f391071a-8be3-49de-a8e0-abdc3daca7eb,\n<SURNAME/>胖、胖、胖次番长! \n<SURNAME/>后后后、后面、后面后面啊!!\n,2026-06-27 22:02:47.361+00,
dup:script,dup:1e6ffc3c4987,"
<SURNAME/>ちっきしょう!!
<SURNAME/>逃ガしてたまるかよっ!
","[""\n<SURNAME/>可恶!!\n<SURNAME/>别想逃!\n"", ""\n<SURNAME/>可恶!!\n<SURNAME/>怎么能逃跑呢！\n"", ""\n<SURNAME/>可恶!! \n<SURNAME/>别想逃!\n""]",\n<SURNAME/>可恶!! \n<SURNAME/>别想逃!\n,2026-06-25 02:30:17.703888+00,4a8b2b74-e936-46af-be48-fa3894e6f398,,,
dup:script,dup:1f04e392fe12,"
<SURNAME/>ガはは!<SURNAME/>ついに憧れの社長職についたんですわ。
<SURNAME/>仕事なんぞ部下に任せて、こうして昼から寿司を
<SURNAME/>つまんどると、偉くなったのを実感しますなぁ!","[""\n<SURNAME/>哇哈哈!<SURNAME/>我终于当上了梦寐以求的社长啦。\n<SURNAME/>工作什么的都交给部下干就好，然后大白天就像这样\n<SURNAME/>坐在这吃着寿司，真真切切感受到自己出息了呢!"", ""\n<SURNAME/>哈哈!<SURNAME/>终于当上梦寐以求的社长了。\n<SURNAME/>工作都交给手下，像这样大白天就吃着寿司，\n<SURNAME/>真真切切感受到自己出息了啊!"", ""\n<SURNAME/>嘎哈哈!<SURNAME/>终于当上梦寐以求的社长啦。\n<SURNAME/>工作都丢给手下，大白天就吃寿司，\n<SURNAME/>这才感觉出人头地了呢!"", ""\n<SURNAME/>嘎哈哈!<SURNAME/>终于当上梦寐以求的社长啦。\n<SURNAME/>工作都交给手下，像这样大白天就吃寿司，\n<SURNAME/>真真切切感受到自己出息了呢!""]",\n<SURNAME/>哇哈哈!<SURNAME/>我终于当上了梦寐以求的社长啦。\n<SURNAME/>工作什么的都交给部下干就好，然后大白天就像这样\n<SURNAME/>坐在这吃着寿司，真真切切感受到自己出息了呢!,2026-06-20 14:25:11.914441+00,0be72aff-33b7-40c4-82ca-dd439af37e70,,,
dup:script,dup:203893070973,"
<SURNAME/>スマイル平坂などただの駅ビルッスよ?<pause:15/>
<SURNAME/>犯人はそんな所を爆破して、
<SURNAME/>何をするつもりッスか?","[""\n<SURNAME/>微笑平坂不过是个车站大楼而已?<pause:15/>\n<SURNAME/>犯人炸掉那种地方，\n<SURNAME/>到底想干什么呢?"", ""\n<SURNAME/>微笑平坂不过是个车站大楼而已?<pause:15/>\n<SURNAME/>犯人炸那种地方，\n<SURNAME/>到底想干什么?"", ""\n<SURNAME/>微笑平坂只是个车站大楼而已吧？<pause:15/>\n<SURNAME/>犯人炸掉那种地方，\n<SURNAME/>是打算干什么啊？""]",\n<SURNAME/>微笑平坂只是个车站大楼而已吧？<pause:15/>\n<SURNAME/>犯人炸掉那种地方，\n<SURNAME/>是打算干什么啊？,2026-06-20 14:25:11.914441+00,0be72aff-33b7-40c4-82ca-dd439af37e70,,,
dup:script,dup:226398954e21,"
<SURNAME/>クレール・ド・リュンヌで伝説の武器を売ってる
<SURNAME/>という噂を耳にしたッス。
<SURNAME/>そんな物ガ実在するんスか?","[""\n<SURNAME/>克雷尔·德·吕讷卖传说武器\n<SURNAME/>的传闻。\n<SURNAME/>真有那东西?"", ""\n<SURNAME/>在Claire de Lune卖传说武器\n<SURNAME/>的传闻听说了的说。\n<SURNAME/>那种东西真的存在吗？"", ""\n<SURNAME/>在月光听到卖传说武器\n<SURNAME/>的传闻呢。\n<SURNAME/>那种东西真的存在吗？"", ""\n<SURNAME/>我听到有传闻说月光之清\n<SURNAME/>有传说武器卖。\n<SURNAME/>但是那种东西真的存在吗?""]",\n<SURNAME/>我听到有传闻说月光之清\n<SURNAME/>有传说武器卖。\n<SURNAME/>但是那种东西真的存在吗?,2026-06-20 14:25:11.914441+00,0be72aff-33b7-40c4-82ca-dd439af37e70,,,
dup:script,dup:26dd215e64ce,"
<SURNAME/>なになに、セブンスの時計台で…本物の…<pause:15/>
<SURNAME/>幽霊を見た?<SURNAME/>うわぁ僕、怪談ネタは駄目だよお。<pause:15/>
<SURNAME/>もう早々とこっちの情報話して切り上げちゃう。","[""\n<SURNAME/>什么什么，七姐妹的钟楼…真的…<pause:15/>\n<SURNAME/>有幽灵出现?<SURNAME/>哇啊，我，对付不来怪谈题材啊。<pause:15/>\n<SURNAME/>赶紧把这边情报说完就结束吧。"", ""\n<SURNAME/>什么什么，在七姊妹学园的钟楼…真…<pause:15/>\n<SURNAME/>看到幽灵了？<SURNAME/>哇啊我，鬼故事不行啊。<pause:15/>\n<SURNAME/>赶紧说完这边的信息就结束吧。"", ""\n<SURNAME/>什么什么，在七姊妹的钟楼…真…<pause:15/>\n<SURNAME/>看到幽灵了？<SURNAME/>哇啊我，鬼故事不行啊。<pause:15/>\n<SURNAME/>赶紧把这边情报说完就结束吧。"", ""\n<SURNAME/>什么什么，在七姊妹的钟楼…真的…<pause:15/>\n<SURNAME/>看到幽灵了？<SURNAME/>哇啊我，鬼故事不行啊。<pause:15/>\n<SURNAME/>赶紧把这边情报说完就结束吧。"", ""\n<SURNAME/>什么什么，在七姊妹的钟楼…真的…<pause:15/>\n<SURNAME/>看到幽灵了？<SURNAME/>哇啊，我，恐怖故事不行啊。<pause:15/>\n<SURNAME/>赶紧把这边情报说完就结束吧。""]",\n<SURNAME/>什么什么，七姐妹的钟楼…真的…<pause:15/>\n<SURNAME/>有幽灵出现?<SURNAME/>哇啊，我，对付不来怪谈题材啊。<pause:15/>\n<SURNAME/>赶紧把这边情报说完就结束吧。,2026-06-20 14:25:11.914441+00,0be72aff-33b7-40c4-82ca-dd439af37e70,,,
dup:script,dup:2a923e5ec41f,"
<SURNAME/>なんでも夢崎区のトニーの店じゃ、
<SURNAME/>本物の武器を売ってるそうッスよ。
<SURNAME/>品質も値段も、まあ普通なのだそうッス。","[""\n<SURNAME/>听说在梦崎区的托尼的店\n<SURNAME/>在卖真武器呢。\n<SURNAME/>品质和价格都算普通。"", ""\n<SURNAME/>听说在梦崎区的托尼的店，\n<SURNAME/>有卖真正的武器呢。\n<SURNAME/>据说品质和价格都还算普通呢。"", ""\n<SURNAME/>听说梦崎区托尼's店\n<SURNAME/>在卖真武器呢。\n<SURNAME/>品质价格都算普通。"", ""\n<SURNAME/>听说梦崎区的托尼店\n<SURNAME/>在卖真武器呢。\n<SURNAME/>品质和价格都还行哦。"", ""\n<SURNAME/>听说梦崎区的托尼的店\n<SURNAME/>在卖真武器呢。\n<SURNAME/>品质和价格都普普通通就是了。""]",\n<SURNAME/>听说梦崎区的托尼的店\n<SURNAME/>在卖真武器呢。\n<SURNAME/>品质和价格都普普通通就是了。,2026-06-20 14:25:11.914441+00,0be72aff-33b7-40c4-82ca-dd439af37e70,,,
dup:script,dup:2a930056995d,"
<SURNAME/>懸賞マガジンの懸賞に当たると本物の武器やら
<SURNAME/>道具ガ届いてしまうそうッスね。
<SURNAME/>なかなか当たらないガ、良いものガ届くそうッス","[""\n<SURNAME/>听说中了悬赏杂志的奖，\n<SURNAME/>真品武器和道具就会送上门呢。\n<SURNAME/>虽然很难中，但送来的东西不错。"", ""\n<SURNAME/>听说中奖杂志的奖品是真武器或\n<SURNAME/>道具会寄来。\n<SURNAME/>虽难中，但东西不错。"", ""\n<SURNAME/>悬赏杂志中奖的话真武器\n<SURNAME/>和道具就会送来呢。\n<SURNAME/>虽难中奖，但据说东西不错哦。"", ""\n<SURNAME/>我听说，要是中了悬赏杂志上的奖的话，\n<SURNAME/>会送来真武器和道具呢。\n<SURNAME/>虽然中奖率很低，但送来的都是好东西呢。"", ""\n<SURNAME/>抽中Kensho Magazine的奖品\n<SURNAME/>真武器和道具就会送到的说呢。\n<SURNAME/>虽然难中，但听说会送来好东西的说""]",\n<SURNAME/>我听说，要是中了悬赏杂志上的奖的话，\n<SURNAME/>会送来真武器和道具呢。\n<SURNAME/>虽然中奖率很低，但送来的都是好东西呢。,2026-06-20 14:25:11.914441+00,0be72aff-33b7-40c4-82ca-dd439af37e70,,,
dup:script,dup:2b51969f3d9f,"
<SURNAME/>そ、そこにいた社長の旦那ガよ、
<SURNAME/>外に飛び出して行っちまったんだ。<pause:15/>
<SURNAME/>まさかあの連中と、やりあうつもりなのか?","[""\n<SURNAME/>刚、刚才在那儿的社长大叔啊，\n<SURNAME/>冲出去了。<pause:15/>\n<SURNAME/>该不会是想跟那帮家伙干架吧?"", ""\n<SURNAME/>刚、刚才在那坐着的社长大叔，\n<SURNAME/>冲到外面去了。<pause:15/>\n<SURNAME/>难不成他要和那群家伙干架吗?"", ""\n<SURNAME/>刚、刚才还在那儿的社长先生，\n<SURNAME/>冲到外面去了。<pause:15/>\n<SURNAME/>难不成他打算和那帮家伙干一架?""]",\n<SURNAME/>刚、刚才在那坐着的社长大叔，\n<SURNAME/>冲到外面去了。<pause:15/>\n<SURNAME/>难不成他要和那群家伙干架吗?,2026-06-20 14:25:11.914441+00,0be72aff-33b7-40c4-82ca-dd439af37e70,,,
dup:script,dup:2f9427893591,"
<SURNAME/>聞けば、ラーメンしらいしで、伝説の武器を
<SURNAME/>売ってるそうじゃないッスか。
<SURNAME/>一体、どんな武器なんスかねぇ。","[""\n<SURNAME/>听说在Ramen Shiraishi，\n<SURNAME/>在卖传说武器的说不是吗？\n<SURNAME/>到底是什么武器呢的说。"", ""\n<SURNAME/>听说在拉面白石，\n<SURNAME/>在卖传说中的武器，不是吗？\n<SURNAME/>到底是什么样的武器呢？"", ""\n<SURNAME/>听说在拉面白石，\n<SURNAME/>有卖传说武器不是吗？\n<SURNAME/>到底是什么武器呢？"", ""\n<SURNAME/>听说拉面白石在卖\n<SURNAME/>传说武器呢。\n<SURNAME/>到底是什么武器啊？"", ""\n<SURNAME/>我听说白石拉面店在卖\n<SURNAME/>传说武器，\n<SURNAME/>那到底是什么样的武器啊？""]",\n<SURNAME/>我听说白石拉面店在卖\n<SURNAME/>传说武器，\n<SURNAME/>那到底是什么样的武器啊？,2026-06-20 14:25:11.914441+00,0be72aff-33b7-40c4-82ca-dd439af37e70,,,
dup:script,dup:3358e15cfd25,"
<SURNAME/>学生達の間で、新へッドは栄吉より弱かったのだと
<SURNAME/>軒並み噂されているようなのですガ…
<SURNAME/>栄吉とか、その新へッドって誰なんス?","[""\n<SURNAME/>在学生之间，传闻说新头目比荣吉还弱\n<SURNAME/>到处都在传呢…\n<SURNAME/>荣吉和那个新头目是谁啊？"", ""\n<SURNAME/>在学生之间，好像到处都在传闻新头目比荣吉弱…\n<SURNAME/>那个荣吉啊、新头目啊，到底是谁啊？"", ""\n<SURNAME/>在学生群体里头，四处在传\n<SURNAME/>新头目比荣吉还弱的传闻呢…\n<SURNAME/>可是荣吉是谁？还有那个新头目又是谁啊？"", ""\n<SURNAME/>学生们之间都在传，新老大比荣吉还弱，\n<SURNAME/>到处都这么说…\n<SURNAME/>荣吉是谁？那个新老大又是谁啊？""]",\n<SURNAME/>在学生群体里头，四处在传\n<SURNAME/>新头目比荣吉还弱的传闻呢…\n<SURNAME/>可是荣吉是谁？还有那个新头目又是谁啊？,2026-06-20 14:25:11.914441+00,0be72aff-33b7-40c4-82ca-dd439af37e70,,,
dup:script,dup:3458da7d33f6,"
<SURNAME/>キミもそうだろう?<SURNAME/><c12/>。
<SURNAME/>初めて会う人のはずなんだけどね…<pause:30/>
<SURNAME/>ひょっとして、これガ運命のラブってやつかい?","[""\n<SURNAME/>你也有同感吧？<SURNAME/><c12/>。\n<SURNAME/>明明是第一次见面…<pause:30/>\n<SURNAME/>莫非，这就是命运的love？"", ""\n<SURNAME/>你也这么觉得吧？<SURNAME/><c12/>。\n<SURNAME/>明明是第一次见面的人呢…<pause:30/>\n<SURNAME/>莫非，这就是所谓的命运之爱吗？"", ""\n<SURNAME/>你也这样吧?<SURNAME/><c12/>。\n<SURNAME/>明明是第一次见面的人…<pause:30/>\n<SURNAME/>莫非，这就是命运之爱吗?""]",\n<SURNAME/>你也有同感吧？<SURNAME/><c12/>。\n<SURNAME/>明明是第一次见面…<pause:30/>\n<SURNAME/>莫非，这就是命运的love？,2026-06-21 05:34:59.50885+00,e0b49d9a-8557-4249-96d2-372baf09bf13,,,
dup:script,dup:352b907fdbed,"
<SURNAME/>なんでも蓮華台の時間城で本物の武器を売っている
<SURNAME/>そうッスよ。物騒な話ッスねぇ。
<SURNAME/>なんでも品質は良いガ値段ガ高いそうッス。","[""\n<SURNAME/>听说在莲华台的时间城在卖真武器\n<SURNAME/>是啊。真是危险的话题呢。\n<SURNAME/>据说品质好但价格高。"", ""\n<SURNAME/>听说在莲华台的时间城，有卖真正的武器\n<SURNAME/>呢。真是危险的话题呢。\n<SURNAME/>据说品质好但价格高呢。"", ""\n<SURNAME/>听说莲华台时间城在卖\n<SURNAME/>真武器呢。真危险啊。\n<SURNAME/>据说品质好但价格高。"", ""\n<SURNAME/>听说莲华台的时间城在卖真\n<SURNAME/>武器呢。真危险哦。\n<SURNAME/>品质好但价格高呢。"", ""\n<SURNAME/>我听说莲华台的时间城在卖真武器。\n<SURNAME/>真是个危险的话题啊。\n<SURNAME/>据说品质很好，不过价格也很贵就是了。""]",\n<SURNAME/>我听说莲华台的时间城在卖真武器。\n<SURNAME/>真是个危险的话题啊。\n<SURNAME/>据说品质很好，不过价格也很贵就是了。,2026-06-20 14:25:11.914441+00,0be72aff-33b7-40c4-82ca-dd439af37e70,,,
dup:script,dup:362586cec4f8,"
<SURNAME/><c1d:9/>地は<SURNAME/>風に削られ<SURNAME/>水を育み
<SURNAME/>水は<SURNAME/>地に沿って流れ<SURNAME/>火を制す<c1d:1/>
","[""\n<SURNAME/><c1d:9/>地受<SURNAME/>风削蚀<SURNAME/>育水\n<SURNAME/>水沿<SURNAME/>地流淌<SURNAME/>制火<c1d:1/>\n"", ""\n<SURNAME/><c1d:9/>地受<SURNAME/>风蚀而<SURNAME/>育水\n<SURNAME/>水沿<SURNAME/>地流淌<SURNAME/>制火<c1d:1/>\n"", ""\n<SURNAME/><c1d:9/>地受风削<SURNAME/>滋养水\n<SURNAME/>水沿地流<SURNAME/>制约火<c1d:1/>\n"", ""\n<SURNAME/><c1d:9/>地被<SURNAME/>风削蚀<SURNAME/>孕育水\n<SURNAME/>水沿<SURNAME/>地流淌<SURNAME/>抑制火<c1d:1/>\n""]",\n<SURNAME/><c1d:9/>地受<SURNAME/>风蚀而<SURNAME/>育水\n<SURNAME/>水沿<SURNAME/>地流淌<SURNAME/>制火<c1d:1/>\n,2026-06-22 07:28:54.360913+00,1759c8c1-cf96-4585-bd00-e805cfb61c5e,,,
dup:script,dup:36df439039e9,"
<SURNAME/>噂のネタガ聞けるのは嬉しいんだけど、どうも武器
<SURNAME/>とか防具とか物騒な話ガ多くて嫌だね。
<SURNAME/>噂になるって事は、みんな武器ガ欲しいのかな?","[""\n<SURNAME/>听八卦是开心，但总是什么武器\n<SURNAME/>防具的危险话题，真烦。\n<SURNAME/>传这些…是大家都想要武器吗？"", ""\n<SURNAME/>听料是开心啦，但老是什么武器\n<SURNAME/>防具的危险话题，烦死了。\n<SURNAME/>传这些…大伙儿都想要家伙？"", ""\n<SURNAME/>能听到八卦是挺开心的，但老是武器\n<SURNAME/>啊防具啊这些危险话题，真讨厌。\n<SURNAME/>会变成传闻，说明大家都想要武器吗？"", ""\n<SURNAME/>虽然能听到各种各样的传闻是很开心了，但是\n<SURNAME/>像是武器啊防具啊这类危险话题也太多了，听都听烦了。\n<SURNAME/>既然能成传闻，难不成大家都想买武器吗?""]",\n<SURNAME/>虽然能听到各种各样的传闻是很开心了，但是\n<SURNAME/>像是武器啊防具啊这类危险话题也太多了，听都听烦了。\n<SURNAME/>既然能成传闻，难不成大家都想买武器吗?,2026-06-20 14:25:11.914441+00,0be72aff-33b7-40c4-82ca-dd439af37e70,,,
dup:script,dup:37c8635f0c26,"
<SURNAME/>ジュン!!
<SURNAME/>きみも、なんか言えよお!!
<SURNAME/>お姉ちゃんと、はなれちゃっていいのかよお!?
","[""\n<SURNAME/>淳!!\n<SURNAME/>你也说点什么啊!!\n<SURNAME/>和大姐姐分开，真的好吗!?\n"", ""\n<SURNAME/>淳!!\n<SURNAME/>你也说点啥啊!\n<SURNAME/>和姐姐分开，真的好吗!?\n""]",\n<SURNAME/>淳!!\n<SURNAME/>你也说点什么啊!!\n<SURNAME/>和大姐姐分开，真的好吗!?\n,2026-06-21 13:52:56.274767+00,7d9b495b-2ec3-40ec-a3c0-8d3b32c7da09,,,
dup:script,dup:38e1345a9ba6,"
<SURNAME/>聞きました?<SURNAME/>春日山高校には
<SURNAME/>妖怪のブキミちゃんガ出るそうッスよ。
<SURNAME/>マスカレードといい、賑やかな学校ッス。","[""\n<SURNAME/>你听说了吗？<SURNAME/>春日山高中有\n<SURNAME/>妖怪诡异酱出没哦。\n<SURNAME/>先是假面党，然后是这个，真是个热闹的学校啊。"", ""\n<SURNAME/>听说了吗?<SURNAME/>在春日山高中\n<SURNAME/>有妖怪诡异酱出现呢。\n<SURNAME/>又是假面舞会，真是个热闹的学校呢。"", ""\n<SURNAME/>听说了吗?<SURNAME/>春日山高中有\n<SURNAME/>妖怪布基米酱出没呢。\n<SURNAME/>假面舞会也是，真热闹的学校哦。"", ""\n<SURNAME/>听说了吗？<SURNAME/>春日山高中好像会出没叫“恐怖子”的妖怪哦。\n<SURNAME/>假面舞会也好，真是热闹的学校。"", ""\n<SURNAME/>听说了吗？<SURNAME/>春日山高中有\n<SURNAME/>妖怪布基米酱会出现哦。\n<SURNAME/>还有假面党，真是个热闹的学校呢。""]",\n<SURNAME/>你听说了吗？<SURNAME/>春日山高中有\n<SURNAME/>妖怪诡异酱出没哦。\n<SURNAME/>先是假面党，然后是这个，真是个热闹的学校啊。,2026-06-20 14:25:11.914441+00,0be72aff-33b7-40c4-82ca-dd439af37e70,,,
dup:script,dup:3a6d90333fd2,"
<SURNAME/>冴子先生は、こんな指示に従う人じゃない。<pause:30/>
<SURNAME/>筋ガ通らなきゃ、
<SURNAME/>相手ガ文部大臣だろうガブっ飛ばす人なんだ。","[""\n<SURNAME/>冴子老师不是会服从这种命令的人。<pause:30/>\n<SURNAME/>要是道理讲不通，\n<SURNAME/>就算对方是文部大臣她也照揍不误。"", ""\n<SURNAME/>冴子老师才不是会服从这种指示的人。<pause:30/>\n<SURNAME/>要是说不通的话， \n<SURNAME/>管他是文部大臣也照揍不误。""]",\n<SURNAME/>冴子老师才不是会服从这种指示的人。<pause:30/>\n<SURNAME/>要是说不通的话， \n<SURNAME/>管他是文部大臣也照揍不误。,2026-06-21 08:22:46.475236+00,783e1377-2c1a-4ed3-8c23-8e566e8028ff,,,
dup:script,dup:3b8f5229fbcd,"
<SURNAME/>ううう…<pause:15/>恐ろしい話を聞いたッス…<pause:15/>
<SURNAME/>ク…クダンの…クダンガ廃工場に…<pause:15/>
<SURNAME/>ああっ、もうこれ以上思い出したくないッス!","[""\n<SURNAME/>呜呜…<pause:15/>听到个恐怖传闻…<pause:15/>\n<SURNAME/>断…断头台…在废工厂…<pause:15/>\n<SURNAME/>啊啊！不想再回忆了！"", ""\n<SURNAME/>呜呜…<pause:15/>听到了可怕的事…<pause:15/>\n<SURNAME/>库…库丹的…库丹在废弃工厂…<pause:15/>\n<SURNAME/>啊，再也不想回忆了!"", ""\n<SURNAME/>呜呜…<pause:15/>听到了可怕的故事呢…<pause:15/>\n<SURNAME/>橱…橱柜的…橱柜在废弃工厂…<pause:15/>\n<SURNAME/>啊啊，再也不想回忆起来了呢!"", ""\n<SURNAME/>呜呜…<pause:15/>听说了可怕的事…<pause:15/>\n<SURNAME/>九…件的…件在废弃工厂…<pause:15/>\n<SURNAME/>啊啊，再也不想回忆起来了！"", ""\n<SURNAME/>呜呜…<pause:15/>我听到了超可怕的事情…<pause:15/>\n<SURNAME/>件…件…件在废工厂里…<pause:15/>\n<SURNAME/>啊啊，我再也不想回忆了！""]",\n<SURNAME/>呜呜…<pause:15/>我听到了超可怕的事情…<pause:15/>\n<SURNAME/>件…件…件在废工厂里…<pause:15/>\n<SURNAME/>啊啊，我再也不想回忆了！,2026-06-20 14:25:11.914441+00,0be72aff-33b7-40c4-82ca-dd439af37e70,,,
dup:script,dup:414b56678b56,"
<SURNAME/>さ〜て、
<SURNAME/>校長先生、予想通り動き出したわよ。<pause:30/>
<SURNAME/>さ、早く鍵を見つけて、時計台へレッツらゴー!","[""\n<SURNAME/>好啦～ \n<SURNAME/>校长先生，如我所料的行动了呢。<pause:30/>\n<SURNAME/>快找钥匙，去钟楼！Let's go！"", ""\n<SURNAME/>那么〜，\n<SURNAME/>校长果然如预料行动了哦。<pause:30/>\n<SURNAME/>赶紧找到钥匙，然后向着钟楼Let's Goー!""]",\n<SURNAME/>那么〜，\n<SURNAME/>校长果然如预料行动了哦。<pause:30/>\n<SURNAME/>赶紧找到钥匙，然后向着钟楼Let's Goー!,2026-06-27 07:52:59.466087+00,b630376d-a981-40c9-8fdc-bc086765a0dc,,,
dup:script,dup:4259e538eb63,"
<SURNAME/>なんでも夢崎区のトニーの店じゃ、
<SURNAME/>本物の武器を売ってるそうッスよ。
<SURNAME/>品質はいいけど、値段ガ高いそうッス。","[""\n<SURNAME/>听说在梦崎区的托尼的店\n<SURNAME/>在卖真武器呢。\n<SURNAME/>品质好但价格高。"", ""\n<SURNAME/>听说在梦崎区的托尼的店，\n<SURNAME/>有卖真正的武器呢。\n<SURNAME/>据说品质好但价格高呢。"", ""\n<SURNAME/>听说梦崎区托尼's店\n<SURNAME/>在卖真武器呢。\n<SURNAME/>品质好但价格高。"", ""\n<SURNAME/>听说梦崎区的托尼店\n<SURNAME/>在卖真武器呢。\n<SURNAME/>品质好但价格高哦。"", ""\n<SURNAME/>听说梦崎区的托尼的店\n<SURNAME/>在卖真武器呢。\n<SURNAME/>品质不错，但价格也很高就是了。""]",\n<SURNAME/>听说梦崎区的托尼的店\n<SURNAME/>在卖真武器呢。\n<SURNAME/>品质不错，但价格也很高就是了。,2026-06-20 14:25:11.914441+00,0be72aff-33b7-40c4-82ca-dd439af37e70,,,
dup:script,dup:47d1071ac456,"
<SURNAME/>時は再び動き出した…<pause:30/>
<SURNAME/>夢を告げる鐘の音を聞け!
","[""\n<SURNAME/> 时间已再度开始流动…<pause:30/> \n<SURNAME/>聆听这宣告梦想的钟声吧!\n"", ""\n<SURNAME/>时间已再度开始流动…<pause:30/>\n<SURNAME/>倾听宣告梦想的钟声!\n""]","\n<SURNAME/>时间已再度开始流动…<pause:30/>\n<SURNAME/>聆听这宣告梦想的钟声吧!
",2026-06-27 07:28:31.10981+00,f391071a-8be3-49de-a8e0-abdc3daca7eb,,,
dup:script,dup:4eb4b6f7b467,"
<SURNAME/>港南区のジヨリーロジャーで
<SURNAME/>本物の武器を売っているらしいッスよ。
<SURNAME/>品質も値段もまあ普通だそうッス。","[""\n<SURNAME/>在港南区的Jolly Roger，\n<SURNAME/>似乎有卖真正的武器呢。\n<SURNAME/>据说品质和价格都还算普通呢。"", ""\n<SURNAME/>在港南区的乔利罗杰\n<SURNAME/>好像在卖真武器哦。\n<SURNAME/>质量和价格据说还算普通。"", ""\n<SURNAME/>据说港南区的海盗旗咖啡店\n<SURNAME/>好像在卖真武器呢。\n<SURNAME/>不过品质和价格都普普通通就是了。"", ""\n<SURNAME/>港南区Jolly Roger\n<SURNAME/>在卖真武器呢。\n<SURNAME/>品质价格都算普通。"", ""\n<SURNAME/>港南区的快乐罗杰\n<SURNAME/>似乎在卖真武器呢。\n<SURNAME/>品质和价格都算普通。""]",\n<SURNAME/>据说港南区的海盗旗咖啡店\n<SURNAME/>好像在卖真武器呢。\n<SURNAME/>不过品质和价格都普普通通就是了。,2026-06-20 14:25:11.914441+00,0be72aff-33b7-40c4-82ca-dd439af37e70,,,
dup:script,dup:5108dcc1a4df,"
<SURNAME/>へぇ、カス校番長ガバンドを作ろうとしてるの。
<SURNAME/>それで、ヴォーカルだけは自分ガやるって?
<SURNAME/>ふふふ、そういう話、よく聞くよねぇ。","[""\n<SURNAME/>哦，渣校番长要组乐队啊。\n<SURNAME/>然后主唱要自己来？\n<SURNAME/>呵呵，这种话经常听到呢。"", ""\n<SURNAME/>哦，渣校的番长要组乐队啊。\n<SURNAME/>然后，主唱非要自己来？\n<SURNAME/>呵呵，这种故事，经常听说呢。"", ""\n<SURNAME/>嘿~渣高的番长想组乐队，\n<SURNAME/>而且还非得自己当主唱?\n<SURNAME/>呵呵，我经常听说这事呢。"", ""\n<SURNAME/>嘿～渣校番长要组乐队啊。\n<SURNAME/>还非要自己当主唱？\n<SURNAME/>呵呵，这种事儿听多了～"", ""\n<SURNAME/>嚯？渣校番长要组乐队啊。\n<SURNAME/>还非要自己当主唱？\n<SURNAME/>呵呵，这种事儿见多了。""]",\n<SURNAME/>嘿~渣高的番长想组乐队，\n<SURNAME/>而且还非得自己当主唱?\n<SURNAME/>呵呵，我经常听说这事呢。,2026-06-20 14:25:11.914441+00,0be72aff-33b7-40c4-82ca-dd439af37e70,,,
dup:script,dup:527bf84590dc,"
<SURNAME/>君って、いろいろネタを持ってるみたいだね。<pause:15/>
<SURNAME/>僕も新しいネタ仕入れとくからさ。
<SURNAME/>その時はまた、交換しようよ。","[""\n<SURNAME/>你好像掌握了很多传闻呢。<pause:15/>\n<SURNAME/>我也会搞点新消息。\n<SURNAME/>到时再交换吧。"", ""\n<SURNAME/>你好像有很多消息呢。<pause:15/>\n<SURNAME/>我也会去搞点新消息。\n<SURNAME/>到时候再交换吧。"", ""\n<SURNAME/>你小子料不少嘛～<pause:15/>\n<SURNAME/>我也去搞点新料，\n<SURNAME/>到时候再交换呗。""]",\n<SURNAME/>你好像掌握了很多传闻呢。<pause:15/>\n<SURNAME/>我也会搞点新消息。\n<SURNAME/>到时再交换吧。,2026-06-20 14:25:11.914441+00,0be72aff-33b7-40c4-82ca-dd439af37e70,,,
dup:script,dup:535e20a77049,"
<SURNAME/><c1d:9/>火は<SURNAME/>水によって鎮み<SURNAME/>風を起し
<SURNAME/>風は<SURNAME/>火より生まれ<SURNAME/>地を平す<c1d:1/>
","[""\n<SURNAME/><c1d:9/>火因<SURNAME/>水而息<SURNAME/>起风\n<SURNAME/>风自<SURNAME/>火而生<SURNAME/>平大地<c1d:1/>\n"", ""\n<SURNAME/><c1d:9/>火被<SURNAME/>水平息<SURNAME/>掀起风\n<SURNAME/>风从<SURNAME/>火而生<SURNAME/>平整地<c1d:1/>\n"", ""\n<SURNAME/><c1d:9/>火被<SURNAME/>水镇灭<SURNAME/>起风\n<SURNAME/>风从<SURNAME/>火生<SURNAME/>平地<c1d:1/>\n"", ""\n<SURNAME/><c1d:9/>火被水镇<SURNAME/>升起风\n<SURNAME/>风从火生<SURNAME/>平定地<c1d:1/>\n""]",\n<SURNAME/><c1d:9/>火因<SURNAME/>水而息<SURNAME/>起风\n<SURNAME/>风自<SURNAME/>火而生<SURNAME/>平大地<c1d:1/>\n,2026-06-22 07:28:54.360913+00,1759c8c1-cf96-4585-bd00-e805cfb61c5e,,,
dup:script,dup:552d896fa8ee,"
<SURNAME/>………<pause:60/>
<SURNAME/>フッ…よかろう。<pause:30/>
<SURNAME/>淳…お前は運命の車輪から外れたぞ。
","[""\n<SURNAME/>………<pause:60/>\n<SURNAME/>哼…好吧。<pause:30/>\n<SURNAME/>淳…你已偏离了命运之轮。\n"", ""\n<SURNAME/>………<pause:60/>\n<SURNAME/>哼…好吧。<pause:30/>\n<SURNAME/>淳…你已经脱离了命运之轮。\n""]",\n<SURNAME/>………<pause:60/>\n<SURNAME/>哼…好吧。<pause:30/>\n<SURNAME/>淳…你已经脱离了命运之轮。\n,2026-06-21 14:32:30.2691+00,ed1eb644-81d6-481b-abdf-7a939e503a62,,,
dup:script,dup:56680ebd9d96,"
<SURNAME/>港南区のジヨリーロジャーで
<SURNAME/>本物の武器を売っているらしいッスね。
<SURNAME/>下取り価格は良いガ、品揃えガ悪いそうッス。","[""\n<SURNAME/>在港南区的Jolly Roger\n<SURNAME/>好像在卖真武器呢。\n<SURNAME/>回收价不错，但但商品种类听说很差的说。"", ""\n<SURNAME/>在港南区的乔利罗杰\n<SURNAME/>好像在卖真武器呢。\n<SURNAME/>回收价不错，但品种据说很差。"", ""\n<SURNAME/>据说港南区的海盗旗咖啡店\n<SURNAME/>好像在卖真武器呢。\n<SURNAME/>回收价不错，但种类也很少就是了。"", ""\n<SURNAME/>港南区Jolly Roger\n<SURNAME/>在卖真武器呢。\n<SURNAME/>回收价高但品种少。"", ""\n<SURNAME/>港南区的快乐罗杰\n<SURNAME/>似乎在卖真武器呢。\n<SURNAME/>回收价高但品种少。""]",\n<SURNAME/>据说港南区的海盗旗咖啡店\n<SURNAME/>好像在卖真武器呢。\n<SURNAME/>回收价不错，但种类也很少就是了。,2026-06-20 14:25:11.914441+00,0be72aff-33b7-40c4-82ca-dd439af37e70,,,
dup:script,dup:56d3c32d7bb8,"
<SURNAME/>ガはははっ、見たか、スマイル平坂の燃え様を。<pause:15/>
<SURNAME/>そうだ、あの炎だ。あれガこのつまらん世の中を
<SURNAME/>綺麗に焼き払ってくれる。燃えろ燃えろ!","[""\n<SURNAME/>哇哈哈哈，你们看到了吗，微笑平坂烧起来的样子。<pause:15/>\n<SURNAME/>没错，就是那火焰。那火焰会把这无聊的世界上的一切\n<SURNAME/>全都烧得干干净净。烧吧，烧吧！"", ""\n<SURNAME/>嘎哈哈哈，看到没，微笑平坂烧得多旺。<pause:15/>\n<SURNAME/>对，就是那火焰。它会把这无聊世界\n<SURNAME/>烧个干净。烧吧烧吧!""]",\n<SURNAME/>哇哈哈哈，你们看到了吗，微笑平坂烧起来的样子。<pause:15/>\n<SURNAME/>没错，就是那火焰。那火焰会把这无聊的世界上的一切\n<SURNAME/>全都烧得干干净净。烧吧，烧吧！,2026-06-20 14:25:11.914441+00,0be72aff-33b7-40c4-82ca-dd439af37e70,,,
dup:script,dup:58764b1bb9e8,"
<SURNAME/>しかしなんだねぇ。学生なんぞやめちまった今でも
<SURNAME/>学園祭だって街ガ賑やかになると、
<SURNAME/>こっちまでワクワクしてくるもんだなぁ。","[""\n<SURNAME/>不过啊，就算我早不是学生了，\n<SURNAME/>学园祭让街上热闹起来，\n<SURNAME/>连我都跟着兴奋呢。"", ""\n<SURNAME/>不过啊，虽然学生时代早就结束了，\n<SURNAME/>但学园祭让城市热闹起来的时候，\n<SURNAME/>连我这边都跟着兴奋起来了呢。"", ""\n<SURNAME/>不过话说回来，虽然自己早就不是学生了，\n<SURNAME/>但是一到举办学园祭、城里热热闹闹的时候，\n<SURNAME/>自己还是会兴奋起来呢。""]",\n<SURNAME/>不过话说回来，虽然自己早就不是学生了，\n<SURNAME/>但是一到举办学园祭、城里热热闹闹的时候，\n<SURNAME/>自己还是会兴奋起来呢。,2026-06-20 14:25:11.914441+00,0be72aff-33b7-40c4-82ca-dd439af37e70,,,
dup:script,dup:5a355eab3311,"
<SURNAME/>え?<SURNAME/>あの探偵事務所においてある招きネコって
<SURNAME/>お喋りするの?<SURNAME/>はは、それも面白いネタだね。
<SURNAME/>じゃあ、噂交換いたしましょう。","[""\n<SURNAME/>咦?<SURNAME/>侦探事务所的招财猫\n<SURNAME/>会说话?<SURNAME/>哈哈，很有趣的传闻呢。\n<SURNAME/>那，来交换传闻吧。"", ""\n<SURNAME/>咦？<SURNAME/>那个侦探事务所里的招财猫\n<SURNAME/>会说话？<SURNAME/>哈哈，那也是个有趣的传闻呢。\n<SURNAME/>那么，我们来交换传闻吧。"", ""\n<SURNAME/>诶？<SURNAME/>那个侦探事务所放的招财猫\n<SURNAME/>会说话？<SURNAME/>哈哈，那也很有趣的传闻呢。\n<SURNAME/>那，来交换传闻吧。"", ""\n<SURNAME/>诶？<SURNAME/>那个侦探事务所放的招财猫\n<SURNAME/>会说话？<SURNAME/>哈哈，那也很有趣的料呢。\n<SURNAME/>那，我们来交换传闻吧。"", ""\n<SURNAME/>诶？<SURNAME/>那家侦探事务所的招财猫\n<SURNAME/>会说话？<SURNAME/>哈哈，这传闻有意思。\n<SURNAME/>那咱们交换情报吧。""]",\n<SURNAME/>咦?<SURNAME/>侦探事务所的招财猫\n<SURNAME/>会说话?<SURNAME/>哈哈，很有趣的传闻呢。\n<SURNAME/>那，来交换传闻吧。,2026-06-20 14:25:11.914441+00,0be72aff-33b7-40c4-82ca-dd439af37e70,,,
dup:script,dup:5e642d6d1378,"
<SURNAME/>アハハ、時間城の伝説の武器は、
<SURNAME/>悪魔に寧われてしまったそうッスよ。
<SURNAME/>なんともお粗末な話ッスね。","[""\n<SURNAME/>哈哈，时间城的传说武器，\n<SURNAME/>好像被恶魔抢走了。\n<SURNAME/>真是丢人的故事啊。"", ""\n<SURNAME/>啊哈哈，我听说时间城的传说武器\n<SURNAME/>被恶魔抢走了。\n<SURNAME/>真是丢人啊。"", ""\n<SURNAME/>啊哈哈，时间城的传说武器，\n<SURNAME/>听说被恶魔抢走了。\n<SURNAME/>真是糟糕的故事呢。"", ""\n<SURNAME/>啊哈哈，时间城的传说武器，\n<SURNAME/>好像被恶魔抢走了呢。\n<SURNAME/>真是丢人的故事呢。"", ""\n<SURNAME/>啊哈哈，时间城的传说武器，\n<SURNAME/>被恶魔抢了。\n<SURNAME/>真够惨的。""]",\n<SURNAME/>啊哈哈，我听说时间城的传说武器\n<SURNAME/>被恶魔抢走了。\n<SURNAME/>真是丢人啊。,2026-06-20 14:25:11.914441+00,0be72aff-33b7-40c4-82ca-dd439af37e70,,,
dup:script,dup:608202c57dc2,"
<SURNAME/>まだ、わからない事ガ多過ぎるわ。<pause:30/>
<SURNAME/>淳クンのお父さんの事、あのペルソナの事…<pause:30/>
<SURNAME/>なぜ、噂ガ現実になるのか…
","[""\n<SURNAME/>还有太多不明白的事。<pause:30/>\n<SURNAME/>关于淳君的父亲、那个Persona…<pause:30/>\n<SURNAME/>为什么传闻会变成现实…\n"", ""\n<SURNAME/>还有太多未解之事。<pause:30/>\n<SURNAME/>淳君父亲的事，那个Persona的事…<pause:30/>\n<SURNAME/>为何传闻会成真…\n""]",\n<SURNAME/>还有太多不明白的事。<pause:30/>\n<SURNAME/>关于淳君的父亲、那个Persona…<pause:30/>\n<SURNAME/>为什么传闻会变成现实…\n,2026-06-21 14:48:14.413325+00,76721e66-8673-4e56-856e-b8314983f6f8,,,
dup:script,dup:648aacc0d877,"
<SURNAME/>あと一つだね…<pause:30/>
<SURNAME/>あと一つで、天の水晶髑髏以外の髑髏ガ、
<SURNAME/>全部揃う。
","[""\n<SURNAME/>还剩一个了…<pause:30/>\n<SURNAME/>剩一个，除了天之水晶骷髅，\n<SURNAME/>所有骷髅就都集齐了。\n"", ""\n<SURNAME/>还剩一个了…<pause:30/>\n<SURNAME/>还剩一个，除天之水晶骷髅外，\n<SURNAME/>所有的骷髅就都集齐了。\n"", ""\n<SURNAME/>还剩一个了…<pause:30/>\n<SURNAME/>还剩一个，除天之水晶骷髅外，\n<SURNAME/>所有骷髅就集齐了。\n""]",\n<SURNAME/>还剩一个了…<pause:30/>\n<SURNAME/>还剩一个，除天之水晶骷髅外，\n<SURNAME/>所有的骷髅就都集齐了。\n,2026-06-22 07:24:57.855193+00,acc91e14-b1bd-467e-959a-d80d271ef658,,,
dup:script,dup:66f8a4ed4720,"
<SURNAME/>伝説の女優、吉川さゆりのカレンダー。
<SURNAME/>よく見ると、30年前のものだ!!
<SURNAME/>唇の部分ガ、なぜかふやけている…","[""\n<SURNAME/>传奇女演员吉川小百合的日历。\n<SURNAME/>仔细一看，是30年前的东西!!\n<SURNAME/>嘴唇部分，不知为何泡涨了…"", ""\n<SURNAME/>传奇女演员，吉川小百合的日历。\n<SURNAME/>仔细一看，居然是30年前的东西了!!\n<SURNAME/>不知为何，嘴唇部分湿漉漉的…"", ""\n<SURNAME/>传奇女演员，吉川小百合的日历。 \n<SURNAME/>仔细一看，居然是30年前的东西了!! \n<SURNAME/>不知为何，嘴唇部分湿漉漉的…""]",<SURNAME/>传奇女演员，吉川小百合的日历。 <SURNAME/>仔细一看，居然是30年前的东西了!! <SURNAME/>不知为何，嘴唇部分湿漉漉的…,2026-06-26 13:11:00.017931+00,aa4d7f7f-c4d5-45b0-96f9-17b4099748fc,,,
dup:script,dup:69f4925d683b,"
<SURNAME/>あのアニマムンディで
<SURNAME/>本物の防具ガ買えてしまうんスか?
<SURNAME/>安いガ品質は悪いと聞いたッスガ。","[""\n<SURNAME/>世界之灵那地方\n<SURNAME/>居然能买到真防具吗？\n<SURNAME/>听说价格很便宜，但是品质很差就是了。"", ""\n<SURNAME/>那个Anima Mundi\n<SURNAME/>居然能买到真防具吗？\n<SURNAME/>便宜但但质量听说不好的说的说。"", ""\n<SURNAME/>那个阿尼玛·蒙迪\n<SURNAME/>居然能买到真防具？\n<SURNAME/>听说便宜但品质差。"", ""\n<SURNAME/>那个阿尼玛蒙迪\n<SURNAME/>居然能买到真防具吗？\n<SURNAME/>听说便宜但质量差呢。""]",\n<SURNAME/>世界之灵那地方\n<SURNAME/>居然能买到真防具吗？\n<SURNAME/>听说价格很便宜，但是品质很差就是了。,2026-06-20 14:25:11.914441+00,0be72aff-33b7-40c4-82ca-dd439af37e70,,,
dup:script,dup:6d2bc8393628,"
<SURNAME/>父さん…?
<SURNAME/>そう…<pause:30/>
<SURNAME/>父さんだ…
","[""\n<SURNAME/>父亲…?\n<SURNAME/>是啊…<pause:30/>\n<SURNAME/>是父亲…\n"", ""\n<SURNAME/>父亲…？\n<SURNAME/>是啊…<pause:30/>\n<SURNAME/>是父亲…\n""]",\n<SURNAME/>父亲…？\n<SURNAME/>是啊…<pause:30/>\n<SURNAME/>是父亲…\n,2026-06-22 07:24:57.855193+00,acc91e14-b1bd-467e-959a-d80d271ef658,,,
dup:script,dup:6d7f629a73ec,"
<SURNAME/>災難でしたね。<c12/>先輩。
<SURNAME/>でも、反谷校長って不思議と人気あるんですよね。<pause:30/>
<SURNAME/>私も、ムカツクけど好きだし…どうしてだろう?","[""\n<SURNAME/>真是倒霉啊，<c12/>前辈。\n<SURNAME/>不过反谷校长莫名地受欢迎呢。<pause:30/> \n<SURNAME/>我也是，明明看他很不爽，却又有点喜欢…这到底是怎么一回事？"", ""<SURNAME/>真是倒霉啊，<c12/>前辈。\n<SURNAME/>不过反谷校长莫名地受欢迎呢。<pause:30/> \n<SURNAME/>我也是，明明看他很不爽，却又有点喜欢…这到底是怎么一回事？""]","
<SURNAME/>真是倒霉啊，<c12/>前辈。\n<SURNAME/>不过反谷校长莫名地受欢迎呢。<pause:30/> \n<SURNAME/>我也是，明明看他很不爽，却又有点喜欢…这到底是怎么一回事？",2026-06-27 07:28:31.10981+00,f391071a-8be3-49de-a8e0-abdc3daca7eb,,,
dup:script,dup:6e8d9fbf99b0,"
<SURNAME/>聞きました?<SURNAME/>青華区のクレール・ド・リュンヌで
<SURNAME/>本物の武器を売っているそうッスよ。
<SURNAME/>品質はいいけど、値段ガ高いそうッス。","[""\n<SURNAME/>你听说了吗？<SURNAME/>青华区的月光之清\n<SURNAME/>在卖真武器呢。\n<SURNAME/>品质好，但价格也高就是了。"", ""\n<SURNAME/>听说了吗?<SURNAME/>在青华区的Claire de Lune，\n<SURNAME/>有卖真正的武器呢。\n<SURNAME/>据说品质好但价格高呢。"", ""\n<SURNAME/>听说了吗?<SURNAME/>青华区的克雷尔·德·吕讷\n<SURNAME/>在卖真武器呢。\n<SURNAME/>品质好但价格高哦。"", ""\n<SURNAME/>听说了吗？<SURNAME/>青华区的克蕾尔·德·吕讷\n<SURNAME/>在卖真武器呢。\n<SURNAME/>品质好但价格高。""]",\n<SURNAME/>你听说了吗？<SURNAME/>青华区的月光之清\n<SURNAME/>在卖真武器呢。\n<SURNAME/>品质好，但价格也高就是了。,2026-06-20 14:25:11.914441+00,0be72aff-33b7-40c4-82ca-dd439af37e70,,,
dup:script,dup:6ed0a635fa5c,"
<SURNAME/>うふ、こっちは絶好調さ。最新ネタ目白押しだね。<pause:15/>
<SURNAME/>そっちはどうだい?<SURNAME/>なんなら僕の最新噂ネタを
<SURNAME/>君のネタと交換してあげてもいいよ。","[""\n<SURNAME/>呵呵，我这边超顺利的。最新八卦源源不断呢。<pause:15/>\n<SURNAME/>你那边怎么样？<SURNAME/>要不，我的最新八卦\n<SURNAME/>可以跟你交换哦。"", ""\n<SURNAME/>唔呵，我这儿情报爆棚呢。<pause:15/>\n<SURNAME/>你咋样？<SURNAME/>要不拿我的新料\n<SURNAME/>跟你交换？"", ""\n<SURNAME/>唔呵，我这儿行情超好～新料爆棚。<pause:15/>\n<SURNAME/>你咋样？<SURNAME/>要不拿我最新传闻\n<SURNAME/>跟你换也行哦～"", ""\n<SURNAME/>唔呼，我这边绝佳。新传闻一堆。<pause:15/>\n<SURNAME/>你那边怎么样?<SURNAME/>那要不拿我掌握的最新传闻\n<SURNAME/>跟你的交换一下？""]",\n<SURNAME/>唔呼，我这边绝佳。新传闻一堆。<pause:15/>\n<SURNAME/>你那边怎么样?<SURNAME/>那要不拿我掌握的最新传闻\n<SURNAME/>跟你的交换一下？,2026-06-20 14:25:11.914441+00,0be72aff-33b7-40c4-82ca-dd439af37e70,,,
dup:script,dup:6f1f3a51dbf3,"
<SURNAME/>この声は…ハンニャ!?
<SURNAME/>上かいっ!
","[""\n<SURNAME/>这声音是…般若!?\n<SURNAME/>在上面!\n"", ""\n<SURNAME/>这声音是…般若！？\n<SURNAME/>在上面！\n""]",\n<SURNAME/>这声音是…般若!?\n<SURNAME/>在上面!\n,2026-06-25 02:30:17.703888+00,4a8b2b74-e936-46af-be48-fa3894e6f398,,,
dup:script,dup:6f70dc0e6d36,"
<SURNAME/>あのアニマムンディで
<SURNAME/>本物の防具ガ買えてしまうんスか?
<SURNAME/>品質は良いガ値段ガ高いと聞いたッスガ。","[""\n<SURNAME/>世界之灵那地方\n<SURNAME/>居然能买到真防具吗？\n<SURNAME/>听说品质很好，但价格也很高就是了。"", ""\n<SURNAME/>那个Anima Mundi\n<SURNAME/>居然能买到真防具吗？\n<SURNAME/>质量不错但但价格听说高的说的说。"", ""\n<SURNAME/>那个阿尼玛·蒙迪\n<SURNAME/>居然能买到真防具？\n<SURNAME/>听说品质好但价格高。"", ""\n<SURNAME/>那个阿尼玛蒙迪\n<SURNAME/>居然能买到真防具吗？\n<SURNAME/>听说质量好但价格很高呢。""]",\n<SURNAME/>世界之灵那地方\n<SURNAME/>居然能买到真防具吗？\n<SURNAME/>听说品质很好，但价格也很高就是了。,2026-06-20 14:25:11.914441+00,0be72aff-33b7-40c4-82ca-dd439af37e70,,,
dup:script,dup:6fffd00e0d22,"
<SURNAME/>グランドクロスを象徴する4つの星座には、
<SURNAME/>それぞれ、地水火風のエレメントガ
<SURNAME/>割り当てられているんだ…
","[""\n<SURNAME/>象征大十字的四个星座，\n<SURNAME/>分别被分配了\n<SURNAME/>地水火风四大元素…\n"", ""\n<SURNAME/>象征大十字的四个星座，\n<SURNAME/>分别被赋予了\n<SURNAME/>地水火风四大元素…\n""]",\n<SURNAME/>象征大十字的四个星座，\n<SURNAME/>分别被赋予了\n<SURNAME/>地水火风四大元素…\n,2026-06-22 07:24:57.855193+00,acc91e14-b1bd-467e-959a-d80d271ef658,,,
dup:script,dup:704f7a561c33,"
<SURNAME/>このレリーフ…<pause:30/>
<SURNAME/>4つの神殿のことを表してるよね?
<SURNAME/>なんだろ…順番…バランス…?
","[""\n<SURNAME/>这个浮雕…<pause:30/>\n<SURNAME/>是在表现四个神殿的事吧？\n<SURNAME/>是什么呢…顺序…平衡…？\n"", ""\n<SURNAME/>这个浮雕…<pause:30/>\n<SURNAME/>是在表示4个神殿的事吧？\n<SURNAME/>是什么呢…顺序…平衡…？\n""]",\n<SURNAME/>这个浮雕…<pause:30/>\n<SURNAME/>是在表示4个神殿的事吧？\n<SURNAME/>是什么呢…顺序…平衡…？\n,2026-06-22 07:24:57.855193+00,acc91e14-b1bd-467e-959a-d80d271ef658,,,
dup:script,dup:79298601ace3,"
<SURNAME/>へぇ〜<pause:30/>
<SURNAME/>セブンスの校長って、突然髪ガ生えたのかい?
<SURNAME/>ジヨーカー様に、お願いでもしたのかもね。","[""\n<SURNAME/>嘿～<pause:30/>\n<SURNAME/>七姊妹的校长，突然长头发了?\n<SURNAME/>可能是向小丑大人许愿了吧。"", ""\n<SURNAME/>嘿～<pause:30/>\n<SURNAME/>七姐妹的校长，突然长头发了?\n<SURNAME/>可能是向JOKER大人许愿了吧。"", ""\n<SURNAME/>诶～<pause:30/>\n<SURNAME/>七姊妹学园的校长，突然长头发了？\n<SURNAME/>是不是向小丑大人许愿了？"", ""\n<SURNAME/>诶～<pause:30/>\n<SURNAME/>七姊妹的校长，突然长头发了？\n<SURNAME/>可能是向小丑大人许愿了吧。""]",\n<SURNAME/>嘿～<pause:30/>\n<SURNAME/>七姐妹的校长，突然长头发了?\n<SURNAME/>可能是向JOKER大人许愿了吧。,2026-06-20 14:25:11.914441+00,0be72aff-33b7-40c4-82ca-dd439af37e70,,,
dup:script,dup:7b5428bee5e2,"
<SURNAME/>あれガ…ジヨーカー!?
","[""\n<SURNAME/>那就是…JOKER!?\n"", ""\n<SURNAME/>那就是…JOKER?!\n""]",\n<SURNAME/>那就是…JOKER!?\n,2026-06-25 02:30:17.703888+00,4a8b2b74-e936-46af-be48-fa3894e6f398,,,
dup:script,dup:7bbecbb0a6d3,"
<SURNAME/>なんでも蓮華台の時間城で本物の武器を売っている
<SURNAME/>そうッスよ。物騒な話ッスねぇ。
<SURNAME/>品質も値段も、普通だそうッス。","[""\n<SURNAME/>听说在莲华台的时间城，\n<SURNAME/>在卖真正的武器哦。真是危险的话题呢。\n<SURNAME/>据说价格和质量都普通。"", ""\n<SURNAME/>听说在莲华台的时间城，有卖真正的武器\n<SURNAME/>呢。真是危险的话题呢。\n<SURNAME/>据说品质和价格都普通呢。"", ""\n<SURNAME/>听说莲华台时间城在卖\n<SURNAME/>真武器呢。真危险啊。\n<SURNAME/>据说品质价格都普通。"", ""\n<SURNAME/>听说莲华台的时间城在卖真\n<SURNAME/>武器呢。真危险哦。\n<SURNAME/>品质和价格都普通呢。"", ""\n<SURNAME/>我听说莲华台的时间城在卖真武器，\n<SURNAME/>真是个危险的话题啊，\n<SURNAME/>不过品质和价格都普普通通就是了。""]",\n<SURNAME/>我听说莲华台的时间城在卖真武器，\n<SURNAME/>真是个危险的话题啊，\n<SURNAME/>不过品质和价格都普普通通就是了。,2026-06-20 14:25:11.914441+00,0be72aff-33b7-40c4-82ca-dd439af37e70,,,
dup:script,dup:81d86bae2967,"
<SURNAME/>遂に、現在、過去、未来、
<SURNAME/>連なる時の円環ガ動き出し、
<SURNAME/>シバルバーガその姿を現した。
","[""\n<SURNAME/>终于，现在、过去、未来、\n<SURNAME/>相连的时间之环开始转动，\n<SURNAME/>希巴尔巴现出了其身影。\n"", ""\n<SURNAME/>终于，现在、过去、未来，\n<SURNAME/>连绵的时间之环开始转动，\n<SURNAME/>希巴尔巴现出了身影。\n""]",\n<SURNAME/>终于，现在、过去、未来，\n<SURNAME/>连绵的时间之环开始转动，\n<SURNAME/>希巴尔巴现出了身影。\n,2026-06-21 14:48:14.413325+00,76721e66-8673-4e56-856e-b8314983f6f8,,,
dup:script,dup:82a14bc8955b,"
<SURNAME/>そこの親父、急に羽振りガ良くなっちまってよ。
<SURNAME/>万年平社員の安月給、赤字スパイラルだって、
<SURNAME/>いつも嘆いてたんだぜ?","[""\n<SURNAME/>那个大叔突然就阔绰起来了，\n<SURNAME/>可是他以前不还老哭穷说什么自己是万年小员工，\n<SURNAME/>工资少，而且还总念叨什么赤字螺旋吗?"", ""\n<SURNAME/>那大叔，突然就阔气起来了。\n<SURNAME/>明明一直抱怨自己是万年小职员，工资低，\n<SURNAME/>入不敷出呢？"", ""\n<SURNAME/>那老头，突然就阔起来了。\n<SURNAME/>明明一直抱怨万年小职员的低工资，入不敷出，\n<SURNAME/>整天唉声叹气的不是？"", ""\n<SURNAME/>那边的老爹，突然就飞黄腾达了。\n<SURNAME/>以前总抱怨自己是万年小职员，工资低，入不敷出。\n<SURNAME/>整天唉声叹气的。""]",\n<SURNAME/>那个大叔突然就阔绰起来了，\n<SURNAME/>可是他以前不还老哭穷说什么自己是万年小员工，\n<SURNAME/>工资少，而且还总念叨什么赤字螺旋吗?,2026-06-20 14:25:11.914441+00,0be72aff-33b7-40c4-82ca-dd439af37e70,,,
dup:script,dup:8769e1e5aea9,"
<SURNAME/>あん?<SURNAME/>栄吉の意志かだと?
<SURNAME/>馬鹿言っちゃいけねぇよ、兄ちゃん!!
<SURNAME/>息子は親父の跡を継ぐ!<SURNAME/>昔から決まってんでい","[""\n<SURNAME/>啥？<SURNAME/>荣吉的意愿？\n<SURNAME/>别胡说八道，小哥！！\n<SURNAME/>儿子继承老子的家业！<SURNAME/>天经地义的事！"", ""\n<SURNAME/>嗯?<SURNAME/>荣吉的意愿?\n<SURNAME/>别说傻话，小哥!!\n<SURNAME/>儿子要继承老子的衣钵!<SURNAME/>这是自古就定好的规矩!"", ""\n<SURNAME/>嗯？<SURNAME/>荣吉的意志？\n<SURNAME/>别胡说八道了，小哥！！\n<SURNAME/>儿子继承老子的衣钵！<SURNAME/>自古以来就定好的！""]",\n<SURNAME/>嗯?<SURNAME/>荣吉的意愿?\n<SURNAME/>别说傻话，小哥!!\n<SURNAME/>儿子要继承老子的衣钵!<SURNAME/>这是自古就定好的规矩!,2026-06-20 14:25:11.914441+00,0be72aff-33b7-40c4-82ca-dd439af37e70,,,
dup:script,dup:8bf810d4f76e,"
<SURNAME/>まったくあの野郎ときたら、
<SURNAME/>毎日フラフラしてばっかりでよお。<pause:30/>
<SURNAME/>俺の跡目ガ継げんのかって、心配してんのよ。","[""\n<SURNAME/>真是的，说到那小子，\n<SURNAME/>每天就知道闲逛。<pause:30/>\n<SURNAME/>我都担心他能不能继承衣钵啊。"", ""\n<SURNAME/>真是的，那小子啊，\n<SURNAME/>整天就知道到处鬼混。<pause:30/>\n<SURNAME/>我都担心他能不能继承我的衣钵啊。"", ""\n<SURNAME/>真是的，那小子啊，\n<SURNAME/>每天就知道瞎逛。<pause:30/>\n<SURNAME/>我都担心他能不能继承家业呢。""]",\n<SURNAME/>真是的，那小子啊，\n<SURNAME/>整天就知道到处鬼混。<pause:30/>\n<SURNAME/>我都担心他能不能继承我的衣钵啊。,2026-06-20 14:25:11.914441+00,0be72aff-33b7-40c4-82ca-dd439af37e70,,,
dup:script,dup:91982dca1b1f,"
<SURNAME/>港南区の廃工場に、たんすババアなる
<SURNAME/>妖怪ガ出るそうッス。<pause:15/>
<SURNAME/>って、どんな妖怪なんスか?","[""\n<SURNAME/>听说在港南区的废弃工厂，有叫衣柜婆婆的\n<SURNAME/>妖怪出现呢。<pause:15/>\n<SURNAME/>话说，是什么样的妖怪呢?"", ""\n<SURNAME/>据说在港南区的废工厂里，\n<SURNAME/>有个叫衣柜婆婆的妖怪出没。<pause:15/>\n<SURNAME/>那到底是什么样的妖怪啊？"", ""\n<SURNAME/>港南区的废弃工厂里，据说有\n<SURNAME/>叫衣柜婆婆的妖怪出现。<pause:15/>\n<SURNAME/>话说，是什么样的妖怪啊？"", ""\n<SURNAME/>港南区的废弃工厂，有叫衣柜婆婆的\n<SURNAME/>妖怪出没呢。<pause:15/>\n<SURNAME/>那是什么妖怪啊?""]",\n<SURNAME/>据说在港南区的废工厂里，\n<SURNAME/>有个叫衣柜婆婆的妖怪出没。<pause:15/>\n<SURNAME/>那到底是什么样的妖怪啊？,2026-06-20 14:25:11.914441+00,0be72aff-33b7-40c4-82ca-dd439af37e70,,,
dup:script,dup:938a0aec2cf3,"
<SURNAME/>中には、なぜか荒縄とローソクガ入っている…
<SURNAME/>非常用だと思いたい…","[""\n<SURNAME/>箱子里，不知为何放着粗绳和蜡烛…\n<SURNAME/>但愿只是应急用的…"", ""\n<SURNAME/>箱子里，不知为何放着粗绳和蜡烛… \n<SURNAME/>但愿只是应急用的…"", ""\n<SURNAME/>里面，不知为何有粗绳和蜡烛…\n<SURNAME/>想当作是紧急用的…""]",<SURNAME/>箱子里，不知为何放着粗绳和蜡烛… <SURNAME/>但愿只是应急用的…,2026-06-26 13:11:00.017931+00,aa4d7f7f-c4d5-45b0-96f9-17b4099748fc,,,
dup:script,dup:93f1d4721e1d,"
<SURNAME/>そう言えば生徒の誰かガ、
<SURNAME/>職員室にもエンブレムガあるって言ってたよ。<pause:15/>
<SURNAME/>後はその職員室にあるやつだけじゃないかい?","[""\n<SURNAME/>对了，有学生说 \n<SURNAME/>职员室也有校徽。<pause:15/>\n\n<SURNAME/>那就只剩职员室的了吧?"", ""\n<SURNAME/>说起来，有学生说，\n<SURNAME/>职员室也有校徽哦。<pause:15/>\n<SURNAME/>那剩下的就只有职员室里的那些了吧?""]","
<SURNAME/>对了，有学生说 
<SURNAME/>职员室也有校徽。<pause:15/>
 <SURNAME/>那就只剩职员室的了吧?",2026-06-27 07:28:31.10981+00,f391071a-8be3-49de-a8e0-abdc3daca7eb,,,
dup:script,dup:94a1914b00e4,"
<SURNAME/>聞きました?<SURNAME/>青華区のクレール・ド・リュンヌで
<SURNAME/>本物の武器を売っているそうッスよ。
<SURNAME/>値段は安いガ、品質は今一つだそうッス。","[""\n<SURNAME/>你听说了吗？<SURNAME/>青华区的月光之清\n<SURNAME/>在卖真武器呢。\n<SURNAME/>虽然价格便宜，但品质一般就是了。"", ""\n<SURNAME/>听说了吗?<SURNAME/>在青华区的Claire de Lune，\n<SURNAME/>有卖真正的武器呢。\n<SURNAME/>据说价格便宜但品质一般呢。"", ""\n<SURNAME/>听说了吗?<SURNAME/>青华区的克雷尔·德·吕讷\n<SURNAME/>在卖真武器呢。\n<SURNAME/>价格便宜但品质一般哦。"", ""\n<SURNAME/>听说了吗？<SURNAME/>青华区的克蕾尔·德·吕讷\n<SURNAME/>在卖真武器呢。\n<SURNAME/>价格便宜但品质一般。""]",\n<SURNAME/>你听说了吗？<SURNAME/>青华区的月光之清\n<SURNAME/>在卖真武器呢。\n<SURNAME/>虽然价格便宜，但品质一般就是了。,2026-06-20 14:25:11.914441+00,0be72aff-33b7-40c4-82ca-dd439af37e70,,,
dup:script,dup:9518ef70807a,"
<SURNAME/>やっぱりここは情報収集の場所にうってつけだね。
<SURNAME/>話は聞けるし、お寿司も美味しいし、モグモグ…<pause:15/>
<SURNAME/>ハァ…もう何もかも大漁って感じ。","[""\n<SURNAME/>果然这儿超适合收集情报～\n<SURNAME/>能打探消息，寿司又赞，吧唧吧唧…<pause:15/>\n<SURNAME/>哈啊…简直满载而归～"", ""\n<SURNAME/>果然这里是收集情报的好地方。\n<SURNAME/>能听到消息，寿司又好吃，嚼嚼…<pause:15/>\n<SURNAME/>哈…感觉一切都大丰收了。"", ""\n<SURNAME/>果然这里适合收集情报。\n<SURNAME/>不仅能听传闻，还能吃到好吃的寿司，嚼嚼…<pause:15/>\n<SURNAME/>哈…感觉一切大丰收啊。""]",\n<SURNAME/>果然这里适合收集情报。\n<SURNAME/>不仅能听传闻，还能吃到好吃的寿司，嚼嚼…<pause:15/>\n<SURNAME/>哈…感觉一切大丰收啊。,2026-06-20 14:25:11.914441+00,0be72aff-33b7-40c4-82ca-dd439af37e70,,,
dup:script,dup:9630bc91e496,"
<SURNAME/>え?<SURNAME/>探偵事務所の、たまきちゃんガ、
<SURNAME/>実はデビルサマナー?<SURNAME/><pause:15/>…って、それなに?<pause:15/>
<SURNAME/>何か特別な仕事なのかな…<pause:15/>まあいいや。","[""\n<SURNAME/>咦?<SURNAME/>侦探事务所的环酱，\n<SURNAME/>其实是恶魔召唤师?<SURNAME/><pause:15/>…那是什么?<pause:15/>\n<SURNAME/>特别的工作吗…<pause:15/>算了。"", ""\n<SURNAME/>咦？<SURNAME/>侦探事务所的玉木酱，\n<SURNAME/>其实是恶魔召唤师？<SURNAME/><pause:15/>……等等，那是什么？<pause:15/>\n<SURNAME/>是某种特别的工作吗……<pause:15/>算了。"", ""\n<SURNAME/>咦？<SURNAME/>侦探事务所的玉木酱，\n<SURNAME/>其实是恶魔召唤师？<SURNAME/><pause:15/>……那是什么？<pause:15/>\n<SURNAME/>是某种特别的工作吗……<pause:15/>算了。"", ""\n<SURNAME/>咦？<SURNAME/>侦探事务所的环酱，\n<SURNAME/>其实是恶魔召唤师？<SURNAME/><pause:15/>……等等，那是啥？<pause:15/>\n<SURNAME/>什么特殊工作吗…<pause:15/>算了不管了。""]",\n<SURNAME/>咦?<SURNAME/>侦探事务所的环酱，\n<SURNAME/>其实是恶魔召唤师?<SURNAME/><pause:15/>…那是什么?<pause:15/>\n<SURNAME/>特别的工作吗…<pause:15/>算了。,2026-06-20 14:25:11.914441+00,0be72aff-33b7-40c4-82ca-dd439af37e70,,,
dup:script,dup:965341b14fb9,"
<SURNAME/>これから先、諸君を待ち受けるのは、
<SURNAME/>這い寄る混沌ガ紡いだ、更に過酷な運命だろう…
","[""\n<SURNAME/>今后等待诸君的，\n<SURNAME/>将是伏行而来的混沌所编织的、更为严酷的命运吧…\n"", ""\n<SURNAME/>从今往后，等待诸君的，\n<SURNAME/>是这伏行之混沌所编织的更残酷的命运…\n""]",\n<SURNAME/>今后等待诸君的，\n<SURNAME/>将是伏行而来的混沌所编织的、更为严酷的命运吧…\n,2026-06-21 14:48:14.413325+00,76721e66-8673-4e56-856e-b8314983f6f8,,,
dup:script,dup:99ce7f1532bf,"
<SURNAME/>あの子たちのためにも、
<SURNAME/>僕ガ父さんを止めなければ…<pause:30/>
<SURNAME/>操り人形のままじゃ、終われない!!
","[""\n<SURNAME/>为了那些孩子们，\n<SURNAME/>我必须阻止父亲…<pause:30/>\n<SURNAME/>绝不能当一辈子傀儡!!\n"", ""\n<SURNAME/>为了那些孩子，\n<SURNAME/>我必须阻止父亲…<pause:30/>\n<SURNAME/>绝不能当一辈子傀儡!!\n""]",\n<SURNAME/>为了那些孩子们，\n<SURNAME/>我必须阻止父亲…<pause:30/>\n<SURNAME/>绝不能当一辈子傀儡!!\n,2026-06-22 07:24:57.855193+00,acc91e14-b1bd-467e-959a-d80d271ef658,,,
dup:script,dup:9a823586299b,"
<SURNAME/>あのアニマムンディで
<SURNAME/>本物の防具ガ買えてしまうんスか?
<SURNAME/>質も値段も普通だと聞いたッスガ。","[""\n<SURNAME/>世界之灵那地方\n<SURNAME/>居然能买到真防具吗？\n<SURNAME/>不过听说质量和价格都普普通通就是了。"", ""\n<SURNAME/>那个Anima Mundi\n<SURNAME/>居然能买到真防具吗？\n<SURNAME/>听说质量和价格都普通的说的说。"", ""\n<SURNAME/>那个阿尼玛·蒙迪\n<SURNAME/>居然能买到真防具？\n<SURNAME/>听说品质和价格都普通。"", ""\n<SURNAME/>那个阿尼玛蒙迪\n<SURNAME/>居然能买到真防具吗？\n<SURNAME/>听说质量和价格都普通呢。""]",\n<SURNAME/>世界之灵那地方\n<SURNAME/>居然能买到真防具吗？\n<SURNAME/>不过听说质量和价格都普普通通就是了。,2026-06-20 14:25:11.914441+00,0be72aff-33b7-40c4-82ca-dd439af37e70,,,
dup:script,dup:a14e888879f3,"
<SURNAME/>伝説の女優、吉川さゆりのポスター。
<SURNAME/>唇の部分ガ、なぜかふやけている…","[""\n<SURNAME/>传奇女演员，吉川小百合的日历。 \n<SURNAME/>不知为何，嘴唇部分湿漉漉的…"", ""\n<SURNAME/>传奇女演员，吉川小百合的海报。\n<SURNAME/>不知为何，嘴唇部分湿漉漉的…""]",\n<SURNAME/>传奇女演员，吉川小百合的日历。 \n<SURNAME/>不知为何，嘴唇部分湿漉漉的…,2026-06-27 07:28:31.10981+00,f391071a-8be3-49de-a8e0-abdc3daca7eb,,,
dup:script,dup:a18746b8634c,"
<SURNAME/>うふふふっ、また新しい噂ネタガ入ったよ。
<SURNAME/>そっちはどうだい?<SURNAME/>新しいネタは入った?
<SURNAME/>それなら僕のネタと交換しようよ。","[""\n<SURNAME/>呵呵呵，又有新八卦进来了。\n<SURNAME/>你那边怎么样？<SURNAME/>有新消息吗？\n<SURNAME/>那我们就交换八卦吧。"", ""\n<SURNAME/>唔呵呵，又搞到新传闻啦。\n<SURNAME/>你那边呢？<SURNAME/>有新货没？\n<SURNAME/>有就跟我换呗。"", ""\n<SURNAME/>唔呵呵～又搞到新料啦。\n<SURNAME/>你那边呢？<SURNAME/>有新货没？\n<SURNAME/>有就跟我交换呗～"", ""\n<SURNAME/>唔呼呼，又有新传闻啦。\n<SURNAME/>你那边怎么样?<SURNAME/>有新消息了?\n<SURNAME/>那就来交换吧。""]",\n<SURNAME/>唔呼呼，又有新传闻啦。\n<SURNAME/>你那边怎么样?<SURNAME/>有新消息了?\n<SURNAME/>那就来交换吧。,2026-06-20 14:25:11.914441+00,0be72aff-33b7-40c4-82ca-dd439af37e70,,,
dup:script,dup:a29b8bd3f57e,"
<SURNAME/>聞きました?<SURNAME/>青華区のクレール・ド・リュンヌで
<SURNAME/>本物の武器を売っているそうッスよ。
<SURNAME/>品揃えはいいけど下取り価格ガ安いそうッス。","[""\n<SURNAME/>你听说了吗？<SURNAME/>青华区的月光之清\n<SURNAME/>在卖真武器呢。\n<SURNAME/>种类齐全，但回收价非常低就是了。"", ""\n<SURNAME/>听说了吗?<SURNAME/>在青华区的Claire de Lune，\n<SURNAME/>有卖真正的武器呢。\n<SURNAME/>据说品种齐全但回收价格低呢。"", ""\n<SURNAME/>听说了吗?<SURNAME/>青华区的克雷尔·德·吕讷\n<SURNAME/>在卖真武器呢。\n<SURNAME/>品种多但回收价低哦。"", ""\n<SURNAME/>听说了吗？<SURNAME/>青华区的克蕾尔·德·吕讷\n<SURNAME/>在卖真武器呢。\n<SURNAME/>品种齐全但回收价低。""]",\n<SURNAME/>你听说了吗？<SURNAME/>青华区的月光之清\n<SURNAME/>在卖真武器呢。\n<SURNAME/>种类齐全，但回收价非常低就是了。,2026-06-20 14:25:11.914441+00,0be72aff-33b7-40c4-82ca-dd439af37e70,,,
dup:script,dup:a7d906128eca,"
<SURNAME/>連続テロの騒ぎガ起きてから、新しい噂話も
<SURNAME/>聞こえなくなってきちゃってね。
<SURNAME/>困ったなぁ…","[""\n<SURNAME/>自从连环恐怖袭击事件发生后，\n<SURNAME/>连新的传闻都听不到了。\n<SURNAME/>真头疼啊…"", ""\n<SURNAME/>自从连续恐怖事件发生后，新八卦\n<SURNAME/>也听不到了。\n<SURNAME/>真头疼啊…"", ""\n<SURNAME/>连环恐袭闹开后，\n<SURNAME/>新传闻都听不着了。\n<SURNAME/>愁死人啊…""]",\n<SURNAME/>自从连环恐怖袭击事件发生后，\n<SURNAME/>连新的传闻都听不到了。\n<SURNAME/>真头疼啊…,2026-06-20 14:25:11.914441+00,0be72aff-33b7-40c4-82ca-dd439af37e70,,,
dup:script,dup:aad23017dc9e,"
<SURNAME/>あしたまでお社にとじこめちゃえば、
<SURNAME/>お姉ちゃん、きっとどこにも行けないよ!!
","[""\n<SURNAME/>如果把她关在神社直到明天，\n<SURNAME/>大姐姐，就哪里也去不了啦!!\n"", ""\n<SURNAME/>把你关在神社到明天，\n<SURNAME/>姐姐，就哪儿也去不了啦!!\n""]",\n<SURNAME/>如果把她关在神社直到明天，\n<SURNAME/>大姐姐，就哪里也去不了啦!!\n,2026-06-21 13:52:56.274767+00,7d9b495b-2ec3-40ec-a3c0-8d3b32c7da09,,,
dup:script,dup:ab5d9fc3f16f,"
<SURNAME/>今僕の知っているネタは、これで全部だよ。
<SURNAME/>また何か新しい情報ガ手に入ったら、
<SURNAME/>噂交換しよう。約束だよ。","[""\n<SURNAME/>我手头就这些料啦。\n<SURNAME/>等有新情报，\n<SURNAME/>再交换传闻。说定了～"", ""\n<SURNAME/>我现在知道的八卦就这些了。\n<SURNAME/>等有新消息到手，\n<SURNAME/>我们再交换八卦。说定了哦。"", ""\n<SURNAME/>现在我掌握的传闻，就这些了。\n<SURNAME/>等再有什么新情报到手，\n<SURNAME/>我们再交换传闻吧。说定了。"", ""\n<SURNAME/>现在我知道的传闻就这些了。\n<SURNAME/>如果又搞到新情报，\n<SURNAME/>就交换传闻吧。说定了。"", ""\n<SURNAME/>目前我知道的传闻就这些。\n<SURNAME/>有新消息的话\n<SURNAME/>再来交换吧。约好了哦。""]",\n<SURNAME/>目前我知道的传闻就这些。\n<SURNAME/>有新消息的话\n<SURNAME/>再来交换吧。约好了哦。,2026-06-20 14:25:11.914441+00,0be72aff-33b7-40c4-82ca-dd439af37e70,,,
dup:script,dup:abd02cda989f,"
<SURNAME/>這い寄る混沌…<pause:30/>
<SURNAME/>それは一体何者なの…?<pause:30/>
","[""\n<SURNAME/>伏行之混沌…<pause:30/>\n<SURNAME/>那到底是什么…?<pause:30/>\n"", ""\n<SURNAME/>伏行之混沌…<pause:30/>\n<SURNAME/>那究竟是什么…?<pause:30/>\n""]",\n<SURNAME/>伏行之混沌…<pause:30/>\n<SURNAME/>那究竟是什么…?<pause:30/>\n,2026-06-21 14:48:14.413325+00,76721e66-8673-4e56-856e-b8314983f6f8,,,
dup:script,dup:ae5d9ef3fe14,"
<SURNAME/>岩戸山にあの口裂け女ガいるそうじゃないッスか。
<SURNAME/>私もよく子供の頃、先生に寄り道すると口裂け女ガ
<SURNAME/>追ってくると、脅されたものッス。","[""\n<SURNAME/>不是有传闻说岩户山上有裂口女吗？\n<SURNAME/>我小时候也经常被老师吓唬说，如果绕远路的话\n<SURNAME/>就会被裂口女追赶的。"", ""\n<SURNAME/>岩户山上有那个裂口女在，不是吗？\n<SURNAME/>我小时候也常被老师吓唬，说如果绕道，\n<SURNAME/>裂口女会追来。"", ""\n<SURNAME/>岩户山不是有裂口女吗？\n<SURNAME/>我小时候也被老师吓唬：绕路的话\n<SURNAME/>裂口女会追上来呢。"", ""\n<SURNAME/>岩户山有那个裂口女出没不是吗。\n<SURNAME/>我小时候也常被老师吓唬，说乱逛的话\n<SURNAME/>裂口女会追来呢。"", ""\n<SURNAME/>岩户山有那个裂口女在，不是吗?\n<SURNAME/>我小时候也常被老师威胁说，如果绕路\n<SURNAME/>裂口女会追来呢。""]",\n<SURNAME/>不是有传闻说岩户山上有裂口女吗？\n<SURNAME/>我小时候也经常被老师吓唬说，如果绕远路的话\n<SURNAME/>就会被裂口女追赶的。,2026-06-20 14:25:11.914441+00,0be72aff-33b7-40c4-82ca-dd439af37e70,,,
dup:script,dup:aec7210c9031,"
<SURNAME/>なんでも時間城にあった伝説の武器は、
<SURNAME/>どこかの幸の薄そうな女性ガ
<SURNAME/>買って行ったそうッスね。","[""\n<SURNAME/>听说时间城的传说武器，\n<SURNAME/>被某个看起来不幸的女人\n<SURNAME/>买走了。"", ""\n<SURNAME/>听说时间城里的传说武器，\n<SURNAME/>被某个看起来不幸的女人\n<SURNAME/>买走了呢。"", ""\n<SURNAME/>据说时间城的传说武器，\n<SURNAME/>被某个看起来不幸的女人\n<SURNAME/>买走了呢。"", ""\n<SURNAME/>据说时间城里的传说武器，\n<SURNAME/>被某个命苦的女性\n<SURNAME/>买走了呢。"", ""\n<SURNAME/>时间城的传说武器，\n<SURNAME/>被个福薄女人\n<SURNAME/>买走了。""]",\n<SURNAME/>据说时间城里的传说武器，\n<SURNAME/>被某个命苦的女性\n<SURNAME/>买走了呢。,2026-06-20 14:25:11.914441+00,0be72aff-33b7-40c4-82ca-dd439af37e70,,,
dup:script,dup:b0a68d64b647,"
<SURNAME/>なんでも蓮華台の時間城で本物の武器を売っている
<SURNAME/>そうッスよ。物騒な話ッスねぇ。
<SURNAME/>なんでも値段は安いガ品質は今一つだそうッス。","[""\n<SURNAME/>听说在莲华台的时间城在卖真武器\n<SURNAME/>是啊。真是危险的话题呢。\n<SURNAME/>据说价格便宜但品质一般。"", ""\n<SURNAME/>听说在莲华台的时间城，有卖真正的武器\n<SURNAME/>呢。真是危险的话题呢。\n<SURNAME/>据说价格便宜但品质一般呢。"", ""\n<SURNAME/>听说莲华台时间城在卖\n<SURNAME/>真武器呢。真危险啊。\n<SURNAME/>据说价格便宜但品质一般。"", ""\n<SURNAME/>听说莲华台的时间城在卖真\n<SURNAME/>武器呢。真危险哦。\n<SURNAME/>价格便宜但品质一般呢。"", ""\n<SURNAME/>我听说莲华台的时间城在卖真武器。\n<SURNAME/>真是个危险的话题啊。\n<SURNAME/>据说价格很便宜，不过品质很一般就是了。""]",\n<SURNAME/>我听说莲华台的时间城在卖真武器。\n<SURNAME/>真是个危险的话题啊。\n<SURNAME/>据说价格很便宜，不过品质很一般就是了。,2026-06-20 14:25:11.914441+00,0be72aff-33b7-40c4-82ca-dd439af37e70,,,
dup:script,dup:b5b79967f773,"
<SURNAME/>早くしなきゃ私まで奇病になっちゃう!<pause:10/>
<SURNAME/>お願いします、職員室の紋章も壊してきて!","[""\n<SURNAME/>不抓紧时间的话连我也要患上怪病了!<pause:10/>\n\n<SURNAME/>拜托了，把职员室的纹章也破坏掉吧!"", ""\n<SURNAME/>动作不快点的话、连我也会得怪病的!<pause:10/>\n<SURNAME/>求您了，把职员室的徽章也破坏掉!""]","
<SURNAME/>不抓紧时间的话连我也要患上怪病了!<pause:10/>
 <SURNAME/>拜托了，把职员室的纹章也破坏掉吧!",2026-06-27 07:28:31.10981+00,f391071a-8be3-49de-a8e0-abdc3daca7eb,,,
dup:script,dup:b5fac355c9bf,"
<SURNAME/>私は寿司貴族のメンバーっス。
<SURNAME/>寿司好き同好会「寿司貴族」は、
<SURNAME/>ここを情報交換の場にしてるっス。","[""\n<SURNAME/>我是寿司爱好者同好会「寿司贵族」的成员，\n<SURNAME/>我们「寿司贵族」\n<SURNAME/>都把这里当作交换情报的场所。"", ""\n<SURNAME/>我是寿司贵族成员的说。\n<SURNAME/>寿司同好会“寿司贵族”，\n<SURNAME/>把这儿当情报交换据点的说。"", ""\n<SURNAME/>我是寿司贵族的一员。\n<SURNAME/>寿司爱好者同好会「寿司贵族」，\n<SURNAME/>把这里当作情报交换的场所。"", ""\n<SURNAME/>我是寿司贵族的成员。\n<SURNAME/>寿司爱好者同好会「寿司贵族」，\n<SURNAME/>把这里当作情报交换的场所。""]",\n<SURNAME/>我是寿司爱好者同好会「寿司贵族」的成员，\n<SURNAME/>我们「寿司贵族」\n<SURNAME/>都把这里当作交换情报的场所。,2026-06-20 14:25:11.914441+00,0be72aff-33b7-40c4-82ca-dd439af37e70,,,
dup:script,dup:b6f7409f95b3,"
<SURNAME/>このソエジマのバイクさ、
<SURNAME/><c12/>ガ自分でメンテしたりしてんだろ?
<SURNAME/>メカに強いって噂は本当だったんだな。","[""\n<SURNAME/>这辆副岛摩托，\n<SURNAME/>是<c12/>你自己保养的吧？\n<SURNAME/>看来你擅长机械的传闻是真的。\n"", ""<SURNAME/>这副岛的摩托，\n<SURNAME/>是<c12/>你自己保养的吧？\n<SURNAME/>看来你擅长机械这传闻是真的。""]",\n<SURNAME/>这辆副岛摩托，\n<SURNAME/>是<c12/>你自己保养的吧？\n<SURNAME/>看来你擅长机械的传闻是真的。,2026-06-20 12:05:21.218192+00,44bf23a4-ab97-498f-92ba-154fceae579b,,,
dup:script,dup:b78b4ec2a1b1,"
<SURNAME/>だって、キミたちガ追いかけてる相手は
<SURNAME/>ジヨーカー本人なんでしょ?
<SURNAME/>もし捕まえられたら、すごい特ダネじゃない!
","[""\n<SURNAME/>因为，你们追查的对象\n<SURNAME/>就是JOKER本人对吧?\n<SURNAME/>要是能抓到，不就是超劲爆的独家新闻嘛!\n"", ""\n<SURNAME/>因为，你们追的是\n<SURNAME/>小丑本人对吧?\n<SURNAME/>如果抓到了，不是大新闻吗!\n""]",\n<SURNAME/>因为，你们追查的对象\n<SURNAME/>就是JOKER本人对吧?\n<SURNAME/>要是能抓到，不就是超劲爆的独家新闻嘛!\n,2026-06-21 05:34:59.50885+00,e0b49d9a-8557-4249-96d2-372baf09bf13,,,
dup:script,dup:bbe815847989,"
<SURNAME/>なんせワシは社長になったんだから、
<SURNAME/>ケチケチした事言ってちゃいかんわなぁ。<pause:15/>
<SURNAME/>おう、親父。シャリは小さめで頼むわ。ガハハ!","[""\n<SURNAME/>我都当上社长了，\n<SURNAME/>可不能再说那些小气吧唧的话了呀。<pause:15/>\n<SURNAME/>喂，老板，给我盛少点饭啊。哇哈哈!"", ""\n<SURNAME/>毕竟我当上社长了，\n<SURNAME/>可不能小气吧啦的。<pause:15/>\n<SURNAME/>喂，老板。醋饭少点啊。嘎哈哈!"", ""\n<SURNAME/>毕竟我当上社长了，\n<SURNAME/>可不能小气巴拉的了。<pause:15/>\n<SURNAME/>喂，老板。米饭少点啊。嘎哈哈!""]",\n<SURNAME/>我都当上社长了，\n<SURNAME/>可不能再说那些小气吧唧的话了呀。<pause:15/>\n<SURNAME/>喂，老板，给我盛少点饭啊。哇哈哈!,2026-06-20 14:25:11.914441+00,0be72aff-33b7-40c4-82ca-dd439af37e70,,,
dup:script,dup:bf4abc8cf903,"
<SURNAME/>イン・ラケチ…ガははは、素晴らしいじゃないか。
<SURNAME/>このつまらん地上ガ滅亡し、我々は新人類として、
<SURNAME/>新しい道を歩む。これこそ真の理想だ。ガはは","[""\n<SURNAME/>In Lak'ech…哇哈哈哈，不是挺棒的吗。\n<SURNAME/>等这个无聊的地上世界灭亡了，我们就作为新人类\n<SURNAME/>踏上新的道路。这才是真正的理想啊。哇哈哈"", ""\n<SURNAME/>In Lak'ech…嘎哈哈，太棒了。\n<SURNAME/>这无聊的地上世界灭亡，我们作为新人类，\n<SURNAME/>踏上新道路。这才是真正的理想。嘎哈哈"", ""\n<SURNAME/>《イン・ラケチ》…嘎哈哈哈，太棒了不是吗。\n<SURNAME/>这无聊的地上世界灭亡，我们作为新人类，\n<SURNAME/>踏上新的道路。这才是真正的理想啊。嘎哈哈""]",\n<SURNAME/>In Lak'ech…哇哈哈哈，不是挺棒的吗。\n<SURNAME/>等这个无聊的地上世界灭亡了，我们就作为新人类\n<SURNAME/>踏上新的道路。这才是真正的理想啊。哇哈哈,2026-06-20 14:25:11.914441+00,0be72aff-33b7-40c4-82ca-dd439af37e70,,,
dup:script,dup:bfccd7047483,"
<SURNAME/>吉川さゆりのブロマイドに紛れて…<pause:60/>
<SURNAME/>吉川さゆりの切りぬきガあった…","[""\n<SURNAME/>在吉川小百合的照片中…<pause:60/>\n<SURNAME/>找到了混在其中的小百合的剪报…"", ""\n<SURNAME/>在吉川小百合的照片中混着…<pause:60/>\n<SURNAME/>有吉川小百合的剪报…"", ""\n<SURNAME/>在成堆的吉川小百合的写真照里头……<pause:60/>\n<SURNAME/>竟还夹杂着一张吉川小百合的剪报……""]",\n<SURNAME/>在吉川小百合的照片中…<pause:60/>\n<SURNAME/>找到了混在其中的小百合的剪报…,2026-06-26 13:11:00.017931+00,aa4d7f7f-c4d5-45b0-96f9-17b4099748fc,,,
dup:script,dup:c2dd5f835586,"
<SURNAME/><c1d:9/>時限発火装置ガ入っているだけだ。<c1d:1/>
","[""\n<SURNAME/><c1d:9/>只是装着定时点火装置而已。<c1d:1/>\n"", ""\n<SURNAME/><c1d:9/>只有定时点火装置。<c1d:1/>\n"", ""\n<SURNAME/><c1d:9/>只有定时点火装置在里面。<c1d:1/>\n"", ""\n<SURNAME/><c1d:9/>里面只有定时点火装置。<c1d:1/>\n""]",\n<SURNAME/><c1d:9/>里面只有定时点火装置。<c1d:1/>\n,2026-06-23 18:58:24.432202+00,a47653c5-be40-4fec-9958-eb3b7eaedc27,,,
dup:script,dup:c68b23359dcd,"
<SURNAME/>まぁ、ちょっとローカルなネタだけど、
<SURNAME/>せっかく教えてくれたんだから今回はサービス。
<SURNAME/>こっちのネタも教えてあげるよ。","[""\n<SURNAME/>嘛，虽是小道消息，\n<SURNAME/>既然你都告诉我了，那这次就算你免费。\n<SURNAME/>我把我知道的传闻也告诉你吧。"", ""\n<SURNAME/>嘛，虽然是个本地消息，\n<SURNAME/>但既然你告诉我了，这次就免费。\n<SURNAME/>我也告诉你个消息吧。"", ""\n<SURNAME/>嘛，虽然是个本地的小传闻，\n<SURNAME/>但难得你告诉我，这次就免费服务。\n<SURNAME/>我也告诉你一个传闻吧。"", ""\n<SURNAME/>嘛，虽然是小道消息，\n<SURNAME/>但看在你分享的份上破例。\n<SURNAME/>这个情报免费送你啦。"", ""\n<SURNAME/>嘛～虽说是本地小料，\n<SURNAME/>但你好心告诉我，这次特别服务。\n<SURNAME/>这个传闻也告诉你吧。""]",\n<SURNAME/>嘛，虽是小道消息，\n<SURNAME/>既然你都告诉我了，那这次就算你免费。\n<SURNAME/>我把我知道的传闻也告诉你吧。,2026-06-20 14:25:11.914441+00,0be72aff-33b7-40c4-82ca-dd439af37e70,,,
dup:script,dup:c979dc8c353e,"
<SURNAME/>実は私たち、さっきからキミのこと探してたの。<pause:30/>
<SURNAME/>だって、セブンスで1番人気の<c13/>クンに
<SURNAME/>インタビューしないわけにはいかないでしょ!","[""\n<SURNAME/>其实我们刚才一直在找你。<pause:30/>\n<SURNAME/>因为，七姐妹最受欢迎的<c13/>君，\n<SURNAME/>不采访可不行呢！"", ""\n<SURNAME/>其实我们，一直在找你。<pause:30/>\n<SURNAME/>因为，七姊妹最受欢迎的<c13/>君\n<SURNAME/>不能不采访啊!""]",\n<SURNAME/>其实我们刚才一直在找你。<pause:30/>\n<SURNAME/>因为，七姐妹最受欢迎的<c13/>君，\n<SURNAME/>不采访可不行呢！,2026-06-21 05:34:59.50885+00,e0b49d9a-8557-4249-96d2-372baf09bf13,,,
dup:script,dup:cb542c3c68ae,"
<SURNAME/>青華公園には、昔そこで餓死した
<SURNAME/>アイドルの霊ガ出るそうッスよ。
<SURNAME/>しかしアイドルガ餓死とはなんと悲惨な…","[""\n<SURNAME/>听说在青华公园，有以前在那里饿死的\n<SURNAME/>偶像的幽灵出现呢。\n<SURNAME/>但是偶像饿死，真是悲惨啊…"", ""\n<SURNAME/>听说青华公园会出现\n<SURNAME/>饿死在那里的偶像幽灵呢。\n<SURNAME/>偶像居然饿死…太悲惨了…"", ""\n<SURNAME/>据说在青华公园里，会有一个以前在那里饿死的\n<SURNAME/>偶像的幽灵出没。\n<SURNAME/>不过，偶像居然会饿死，真是惨无人道啊…"", ""\n<SURNAME/>青华公园有传闻说，会出现以前饿死在那的\n<SURNAME/>偶像的幽灵呢。\n<SURNAME/>但偶像饿死也太惨了…"", ""\n<SURNAME/>青华公园里，据说有\n<SURNAME/>以前在那里饿死的偶像的幽灵出现哦。\n<SURNAME/>但是偶像饿死，真是悲惨啊…""]",\n<SURNAME/>据说在青华公园里，会有一个以前在那里饿死的\n<SURNAME/>偶像的幽灵出没。\n<SURNAME/>不过，偶像居然会饿死，真是惨无人道啊…,2026-06-20 14:25:11.914441+00,0be72aff-33b7-40c4-82ca-dd439af37e70,,,
dup:script,dup:cc6123d0d6df,"
<SURNAME/>港南区のジヨリーロジャーで
<SURNAME/>本物の武器を売っているらしいッスよ。
<SURNAME/>品揃えはいいガ、下取り価格ガ安いそうッス。","[""\n<SURNAME/>在港南区的Jolly Roger\n<SURNAME/>好像在卖真武器哦。\n<SURNAME/>商品种类不错，但回收价听说很低的说。"", ""\n<SURNAME/>在港南区的乔利罗杰\n<SURNAME/>好像在卖真武器哦。\n<SURNAME/>品种齐全，但回收价据说很低。"", ""\n<SURNAME/>据说港南区的海盗旗咖啡店\n<SURNAME/>好像在卖真武器呢。\n<SURNAME/>种类齐全，但回收价非常低就是了。"", ""\n<SURNAME/>港南区Jolly Roger\n<SURNAME/>在卖真武器呢。\n<SURNAME/>品种全但回收价低。"", ""\n<SURNAME/>港南区的快乐罗杰\n<SURNAME/>似乎在卖真武器呢。\n<SURNAME/>品种齐全但回收价低。""]",\n<SURNAME/>据说港南区的海盗旗咖啡店\n<SURNAME/>好像在卖真武器呢。\n<SURNAME/>种类齐全，但回收价非常低就是了。,2026-06-20 14:25:11.914441+00,0be72aff-33b7-40c4-82ca-dd439af37e70,,,
dup:script,dup:cd089d937af6,"
<SURNAME/>聞きました?<SURNAME/>青華区のクレール・ド・リュンヌで
<SURNAME/>本物の武器を売っているそうッスよ。
<SURNAME/>品揃えは悪いけど下取り価格は良いそうッス。","[""\n<SURNAME/>你听说了吗？<SURNAME/>青华区的月光之清\n<SURNAME/>在卖真武器呢。\n<SURNAME/>虽然种类很少，但回收价还不错就是了。"", ""\n<SURNAME/>听说了吗?<SURNAME/>在青华区的Claire de Lune，\n<SURNAME/>有卖真正的武器呢。\n<SURNAME/>据说品种少但回收价格好呢。"", ""\n<SURNAME/>听说了吗?<SURNAME/>青华区的克雷尔·德·吕讷\n<SURNAME/>在卖真武器呢。\n<SURNAME/>品种少但回收价高哦。"", ""\n<SURNAME/>听说了吗？<SURNAME/>青华区的克蕾尔·德·吕讷\n<SURNAME/>在卖真武器呢。\n<SURNAME/>品种少但回收价高。""]",\n<SURNAME/>你听说了吗？<SURNAME/>青华区的月光之清\n<SURNAME/>在卖真武器呢。\n<SURNAME/>虽然种类很少，但回收价还不错就是了。,2026-06-20 14:25:11.914441+00,0be72aff-33b7-40c4-82ca-dd439af37e70,,,
dup:script,dup:cef29e3982b2,"
<SURNAME/>え〜!?
<SURNAME/>イデアル先生ガ、
<SURNAME/>プリンス・トーラスにさらわれたー!?
","[""\n<SURNAME/>诶～！？\n<SURNAME/>理想老师被，\n<SURNAME/>Prince金牛抓走了！？\n"", ""\n<SURNAME/>诶～！？\n<SURNAME/>理想老师被，\n<SURNAME/>Prince金牛抓走了～！？\n""]",\n<SURNAME/>诶～！？\n<SURNAME/>理想老师被，\n<SURNAME/>Prince金牛抓走了！？\n,2026-06-22 10:32:10.23147+00,6b81ff6c-2efb-40c8-b7f1-d32173fba811,,,
dup:script,dup:cf58d7aaf7cc,"
<SURNAME/>一体、どこで着替えて
<SURNAME/>化粧までしてんだい、アイツは…<pause:30/>
<SURNAME/>まさか、駅のトイレで、てんじゃないだろうね?","[""\n<SURNAME/>那他到底在哪里换衣服和化妆啊，\n<SURNAME/>那家伙…<pause:30/>\n<SURNAME/>该不会是在车站厕所里换吧？"", ""\n<SURNAME/>那家伙到底在哪换衣服\n<SURNAME/>还化妆啊…<pause:30/>\n<SURNAME/>该不会是在车站厕所吧?""]",\n<SURNAME/>那他到底在哪里换衣服和化妆啊，\n<SURNAME/>那家伙…<pause:30/>\n<SURNAME/>该不会是在车站厕所里换吧？,2026-06-20 14:25:11.914441+00,0be72aff-33b7-40c4-82ca-dd439af37e70,,,
dup:script,dup:cfc45d9a0f76,"
<SURNAME/>さあ淳…<pause:30/>
<SURNAME/>復讐を果たし、イデアリアンへの道を開くんだ。
","[""\n<SURNAME/>来吧淳…<pause:30/>\n<SURNAME/>完成复仇、开启通往理想乡的道路吧。\n"", ""\n<SURNAME/>来吧淳…<pause:30/>\n<SURNAME/>完成复仇，开启通往理想乡的道路吧。\n""]",\n<SURNAME/>来吧淳…<pause:30/>\n<SURNAME/>完成复仇、开启通往理想乡的道路吧。\n,2026-06-21 14:32:30.2691+00,ed1eb644-81d6-481b-abdf-7a939e503a62,,,
dup:script,dup:d02540ad36b9,"
<SURNAME/>ギガ・マッチヨの隠しCDを知ってるッスか?
<SURNAME/>あるらしいんスよ、そんなCDガ。<pause:15/>
<SURNAME/>どんな曲ガ入っているか、聞いてみたいッスねぇ","[""\n<SURNAME/>你知道千兆猛男音像店的隐藏CD吗？\n<SURNAME/>好像真有那种CD呢。<pause:15/>\n<SURNAME/>好想知道里面是什么曲子啊。"", ""\n<SURNAME/>知道Giga Matchiyo的隐藏CD吗？\n<SURNAME/>好像有那样的CD哦。<pause:15/>\n<SURNAME/>真想听听里面有什么曲子呢。"", ""\n<SURNAME/>知道Giga Matchy的隐藏CD吗?\n<SURNAME/>似乎有那样的CD呢。<pause:15/>\n<SURNAME/>真想听听里面有什么曲子呢。"", ""\n<SURNAME/>知道Giga Match的隐藏CD吗？\n<SURNAME/>好像真有这种CD呢。<pause:15/>\n<SURNAME/>好想知道收录了什么曲子啊。"", ""\n<SURNAME/>知道Giga·Match的隐藏CD吗?\n<SURNAME/>好像真有呢。<pause:15/>\n<SURNAME/>好想听听里面是什么曲子哦""]",\n<SURNAME/>你知道千兆猛男音像店的隐藏CD吗？\n<SURNAME/>好像真有那种CD呢。<pause:15/>\n<SURNAME/>好想知道里面是什么曲子啊。,2026-06-20 14:25:11.914441+00,0be72aff-33b7-40c4-82ca-dd439af37e70,,,
dup:script,dup:d3038e4e87e6,"
<SURNAME/>ラップされたオカズガ入っている。","[""\n<SURNAME/>放着保鲜膜包好的菜肴。"", ""\n<SURNAME/>里面有保鲜膜包着的小菜。""]",<SURNAME/>放着保鲜膜包好的菜肴。,2026-06-26 13:11:00.017931+00,aa4d7f7f-c4d5-45b0-96f9-17b4099748fc,,,
dup:script,dup:d545d5431a6f,"
<SURNAME/>古いテレビ。<pause:30/>
<SURNAME/>チャンネルなんかダイヤル式だ。","[""\n<SURNAME/>旧电视。<pause:30/>\n<SURNAME/>频道还是转盘式的。"", ""\n<SURNAME/>旧电视机。<pause:30/>\n<SURNAME/>调频还是旋钮式的。""]",<SURNAME/>旧电视机。<pause:30/> <SURNAME/>调频还是旋钮式的。,2026-06-26 13:11:00.017931+00,aa4d7f7f-c4d5-45b0-96f9-17b4099748fc,,,
dup:script,dup:d6c05c1b80ff,"
<SURNAME/>うちの馬鹿息子ガ迷惑かけてるみてぇだな!
<SURNAME/>まあ、よろしくしてやってくれや!!","[""\n<SURNAME/>我家傻儿子好像添麻烦了啊！\n<SURNAME/>嘛，请多关照他啦！！"", ""\n<SURNAME/>我家那傻儿子好像给你们添麻烦啦！\n<SURNAME/>嘛，还请多关照他啊！！"", ""\n<SURNAME/>看来我家傻儿子给你添麻烦了啊!\n<SURNAME/>总之，请多关照他啊!!""]",\n<SURNAME/>看来我家傻儿子给你添麻烦了啊!\n<SURNAME/>总之，请多关照他啊!!,2026-06-20 14:25:11.914441+00,0be72aff-33b7-40c4-82ca-dd439af37e70,,,
dup:script,dup:d81b30c4eb65,"
<SURNAME/>確かセブンスの紋章って、
<SURNAME/>プレアデス星団をかたどってるんだよね?","[""\n<SURNAME/>我记得七姐妹的纹章，\n<SURNAME/>是模仿昴宿星团的吧？"", ""\n<SURNAME/>记得七姊妹的纹章，\n<SURNAME/>是模仿昴星团的吧?""]",\n<SURNAME/>我记得七姐妹的纹章，\n<SURNAME/>是模仿昴宿星团的吧？,2026-06-21 05:34:59.50885+00,e0b49d9a-8557-4249-96d2-372baf09bf13,,,
dup:script,dup:dbc6c3fb1901,"
<SURNAME/>チ、チビシイ…
<SURNAME/>こんなに散らかすんじゃなかった…<pause:30/>
<SURNAME/>僕の頭脳をもってしても、この展開は予測不可!","[""\n<SURNAME/>卑、卑鄙…\n<SURNAME/>早知道就不搞得这么乱了…<pause:30/>\n<SURNAME/>以老子的智商都猜不到这展开!"", ""\n<SURNAME/>太、太琐碎了… \n<SURNAME/>不该弄得这么乱…<pause:30/>\n<SURNAME/>就算以我的头脑，也完全预测不到如今的发展!""]",<SURNAME/>卑、卑鄙… <SURNAME/>早知道就不搞得这么乱了…<pause:30/> <SURNAME/>以老子的智商都猜不到这展开!,2026-06-27 07:52:59.466087+00,b630376d-a981-40c9-8fdc-bc086765a0dc,,,
dup:script,dup:de2c97c0d876,"
<SURNAME/>あ、あの5人ガ仮面党と闘うヒーローだと!<pause:15/>
<SURNAME/>なら我々の敵ではないかっ!
<SURNAME/>そんな連中ガいるなど、聞いてないぞ!","[""\n<SURNAME/>啊，那五个人是跟假面党战斗的英雄!<pause:15/>\n<SURNAME/>那不就是我们的敌人吗!\n<SURNAME/>可没听说有这种家伙啊!"", ""\n<SURNAME/>啊，那五个人是跟假面党战斗的英雄!<pause:15/>\n<SURNAME/>那不就是我们的敌人吗!\n<SURNAME/>可没听说有这种家伙在啊!"", ""\n<SURNAME/>那、那5个人居然是和假面党作对的“英雄”！<pause:15/>\n<SURNAME/>那不就是我们的敌人吗！\n<SURNAME/>我可没听说过有这么一群人在啊！""]",\n<SURNAME/>那、那5个人居然是和假面党作对的“英雄”！<pause:15/>\n<SURNAME/>那不就是我们的敌人吗！\n<SURNAME/>我可没听说过有这么一群人在啊！,2026-06-20 14:25:11.914441+00,0be72aff-33b7-40c4-82ca-dd439af37e70,,,
dup:script,dup:dfcb94d85422,"
<SURNAME/>一つの噂に対して真っ向から反対する噂ガ
<SURNAME/>流れるのも珍しいッス。<pause:15/>しかし、仮面党と闘う
<SURNAME/>連中ガいると言うなら、それも面白いッスね。","[""\n<SURNAME/>一个传闻出现完全相反的传闻\n<SURNAME/>也很少见呢。<pause:15/>但是，如果有和假面党战斗\n<SURNAME/>的家伙，那也很有趣呢。"", ""\n<SURNAME/>一个传闻出现完全相反的传闻，\n<SURNAME/>也挺少见的。<pause:15/>不过，如果有和假面党战斗\n<SURNAME/>的家伙在，那也挺有意思的。"", ""\n<SURNAME/>一个传闻刚出，就有完全相反的传闻流传，\n<SURNAME/>这还挺少见的。<pause:15/>不过，如果有和假面党\n<SURNAME/>对抗的家伙，那也挺有意思的。"", ""\n<SURNAME/>针对一个传闻直接唱反调的传闻\n<SURNAME/>流传起来也挺少见的。<pause:15/>不过，如果有和假面党\n<SURNAME/>战斗的家伙在，那也挺有意思的。""]",\n<SURNAME/>针对一个传闻直接唱反调的传闻\n<SURNAME/>流传起来也挺少见的。<pause:15/>不过，如果有和假面党\n<SURNAME/>战斗的家伙在，那也挺有意思的。,2026-06-20 14:25:11.914441+00,0be72aff-33b7-40c4-82ca-dd439af37e70,,,
dup:script,dup:e126e6b9a923,"
<SURNAME/>ったく、あの社長の旦那も頑固っつーか…<pause:15/>
<SURNAME/>子供の言うことぐらい信じてやりゃいいだろうに。
<SURNAME/>大人ってのは、懐の大きな人って意味だぜ。","[""\n<SURNAME/>真是的，那个当社长的大叔真有够顽固…<pause:15/>\n<SURNAME/>小孩子的话信一下又没坏处，\n<SURNAME/>所谓大人就该是心胸宽广的人啊。"", ""\n<SURNAME/>真是的，那个社长先生也太顽固了…<pause:15/>\n<SURNAME/>至少该相信孩子说的话吧。\n<SURNAME/>大人就该是心胸宽广的人啊。"", ""\n<SURNAME/>真是的，那个社长大叔也太顽固了…<pause:15/>\n<SURNAME/>孩子说的话信一下不就好了。\n<SURNAME/>大人就该有宽广的胸怀啊。""]",\n<SURNAME/>真是的，那个当社长的大叔真有够顽固…<pause:15/>\n<SURNAME/>小孩子的话信一下又没坏处，\n<SURNAME/>所谓大人就该是心胸宽广的人啊。,2026-06-20 14:25:11.914441+00,0be72aff-33b7-40c4-82ca-dd439af37e70,,,
dup:script,dup:e4d843e6baf7,"
<SURNAME/><c13/>…<pause:30/>
<SURNAME/>ずっと…<pause:30/>
<SURNAME/>持っていてくれたのか…?
","[""\n<SURNAME/><c13/>…<pause:30/>\n<SURNAME/>一直…<pause:30/>\n<SURNAME/>都在为我留着吗…?\n"", ""\n<SURNAME/><c13/>…<pause:30/>\n<SURNAME/>一直…<pause:30/>\n<SURNAME/>都在为我留着着吗…?\n""]",\n<SURNAME/><c13/>…<pause:30/>\n<SURNAME/>一直…<pause:30/>\n<SURNAME/>都在为我留着吗…?\n,2026-06-21 14:32:30.2691+00,ed1eb644-81d6-481b-abdf-7a939e503a62,,,
dup:script,dup:e549559022ad,"
<SURNAME/>港南区のジヨリーロジャーで
<SURNAME/>本物の武器を売っているらしいッスよ。
<SURNAME/>品質は今一つだけど、手ごろな価格だそうッス。","[""\n<SURNAME/>在港南区的Jolly Roger\n<SURNAME/>好像在卖真武器哦。\n<SURNAME/>质量虽然一般，但听说价格很实惠的说。"", ""\n<SURNAME/>在港南区的乔利罗杰\n<SURNAME/>好像在卖真武器哦。\n<SURNAME/>质量虽然一般，但价格据说很实惠。"", ""\n<SURNAME/>据说港南区的海盗旗咖啡店\n<SURNAME/>好像在卖真武器呢。\n<SURNAME/>虽然品质一般，但价格还挺合适就是了。"", ""\n<SURNAME/>港南区Jolly Roger\n<SURNAME/>在卖真武器呢。\n<SURNAME/>品质一般但价格实惠。"", ""\n<SURNAME/>港南区的快乐罗杰\n<SURNAME/>似乎在卖真武器呢。\n<SURNAME/>品质一般但价格实惠。""]",\n<SURNAME/>据说港南区的海盗旗咖啡店\n<SURNAME/>好像在卖真武器呢。\n<SURNAME/>虽然品质一般，但价格还挺合适就是了。,2026-06-20 14:25:11.914441+00,0be72aff-33b7-40c4-82ca-dd439af37e70,,,
dup:script,dup:e8aeb1bbca57,"
<SURNAME/>その後は…<pause:30/>
<SURNAME/>父さんを倒すだけだ。
","[""\n<SURNAME/>之后…<pause:30/>\n<SURNAME/>就只剩打倒父亲了。\n"", ""\n<SURNAME/>之后便是…<pause:30/>\n<SURNAME/>打倒父亲。\n""]",\n<SURNAME/>之后…<pause:30/>\n<SURNAME/>就只剩打倒父亲了。\n,2026-06-22 07:24:57.855193+00,acc91e14-b1bd-467e-959a-d80d271ef658,,,
dup:script,dup:e9ce8a48ed40,"
<SURNAME/>しかしなんだ、社長って肩書きガ付いたんだから
<SURNAME/>もっと生け作りとか豪勢に行きたいもんだガ、
<SURNAME/>どうも好みはかわらんねぇ。<pause:15/>親父、ビントロ一つ","[""\n<SURNAME/>不过啊，既然挂上社长的头衔了，\n<SURNAME/>本想吃点生鱼片拼盘什么的奢侈一下，\n<SURNAME/>但口味还是没变呢。<pause:15/>老板，来份金枪鱼腩"", ""\n<SURNAME/>不过啊，既然有了社长头衔，\n<SURNAME/>本该点些生鱼拼盘啥的摆摆谱，\n<SURNAME/>可口味还是没变。<pause:15/>老板，来份金枪鱼腩"", ""\n<SURNAME/>不过啊，本来想着都有社长的头衔了，\n<SURNAME/>要吃点生鱼片什么的奢侈一下，\n<SURNAME/>但自己的口味还是没变呢。<pause:15/>老板，来一份金枪鱼腩。""]",\n<SURNAME/>不过啊，本来想着都有社长的头衔了，\n<SURNAME/>要吃点生鱼片什么的奢侈一下，\n<SURNAME/>但自己的口味还是没变呢。<pause:15/>老板，来一份金枪鱼腩。,2026-06-20 14:25:11.914441+00,0be72aff-33b7-40c4-82ca-dd439af37e70,,,
dup:script,dup:e9ff56168556,"
<SURNAME/>もうやめよう…父さん…<pause:30/>
<SURNAME/>僕はただ…お姉ちゃんの様に、
<SURNAME/>皆を理想に導く人間になりたかっただけなんだ!
","[""\n<SURNAME/>住手吧…爸爸…<pause:30/>\n<SURNAME/>我只是想像大姐姐那样、\n<SURNAME/>成为引导大家走向理想的人而已!\n"", ""\n<SURNAME/>住手吧…爸爸…<pause:30/>\n<SURNAME/>我只是想像大姐姐那样，\n<SURNAME/>成为引导大家走向理想的人而已!\n""]",\n<SURNAME/>住手吧…爸爸…<pause:30/>\n<SURNAME/>我只是想像大姐姐那样、\n<SURNAME/>成为引导大家走向理想的人而已!\n,2026-06-21 14:32:30.2691+00,ed1eb644-81d6-481b-abdf-7a939e503a62,,,
dup:script,dup:ea54c8a78c56,"
<SURNAME/>港南区のジヨリーロジャーで
<SURNAME/>本物の武器を売っているらしいッスね。
<SURNAME/>品質は良いガ、値段ガ高いそうッス。","[""\n<SURNAME/>在港南区的Jolly Roger\n<SURNAME/>好像在卖真武器呢。\n<SURNAME/>质量不错，但但价格听说很高的说。"", ""\n<SURNAME/>在港南区的乔利罗杰\n<SURNAME/>好像在卖真武器呢。\n<SURNAME/>质量虽好，但价格据说很高。"", ""\n<SURNAME/>据说港南区的海盗旗咖啡店\n<SURNAME/>好像在卖真武器呢。\n<SURNAME/>品质很好，但价格也很高就是了。"", ""\n<SURNAME/>港南区Jolly Roger\n<SURNAME/>在卖真武器呢。\n<SURNAME/>品质好但价格高。"", ""\n<SURNAME/>港南区的快乐罗杰\n<SURNAME/>似乎在卖真武器呢。\n<SURNAME/>品质好但价格高。""]",\n<SURNAME/>据说港南区的海盗旗咖啡店\n<SURNAME/>好像在卖真武器呢。\n<SURNAME/>品质很好，但价格也很高就是了。,2026-06-20 14:25:11.914441+00,0be72aff-33b7-40c4-82ca-dd439af37e70,,,
dup:script,dup:eeba1b8f1deb,"
<SURNAME/>だあっ!
<SURNAME/>ジャマすんじゃねぇっ!!
","[""\n<SURNAME/>啊!\n<SURNAME/>别碍事!!\n"", ""\n<SURNAME/>滚啊! \n<SURNAME/>别挡道!!\n""]",\n<SURNAME/>滚啊! \n<SURNAME/>别挡道!!\n,2026-06-25 02:30:17.703888+00,4a8b2b74-e936-46af-be48-fa3894e6f398,,,
dup:script,dup:f23c6c51fbbb,"
<SURNAME/>あ、悪魔ぁ!?<pause:30/>
<SURNAME/>に、逃げるったって…","[""\n\n<SURNAME/>啊、恶魔!?<pause:30/>\n<SURNAME/>但、但是逃也…"", ""\n<SURNAME/>啊、恶魔!?<pause:30/>\n<SURNAME/>但、但是逃也…""]",\n<SURNAME/>啊、恶魔!?<pause:30/>\n<SURNAME/>但、但是逃也…,2026-06-27 07:28:31.10981+00,f391071a-8be3-49de-a8e0-abdc3daca7eb,,,
dup:script,dup:f26343acd5ef,"
<SURNAME/>チッ…余計な真似を…<pause:30/>
<SURNAME/>そういうわけだリサ君。
<SURNAME/>残りわずかな時間、私と踊って頂こう!!
","[""\n<SURNAME/>切…多管闲事…<pause:30/>\n<SURNAME/>就是这么回事丽莎。\n<SURNAME/>剩下时间不多，陪我跳支舞吧!!\n"", ""\n<SURNAME/>切…多管闲事…<pause:30/>\n<SURNAME/>就是这样，丽莎君。\n<SURNAME/>剩余时间不多，就请你和我跳一支舞吧!!\n""]",\n<SURNAME/>切…多管闲事…<pause:30/>\n<SURNAME/>就是这样，丽莎君。\n<SURNAME/>剩余时间不多，就请你和我跳一支舞吧!!\n,2026-06-23 13:47:40.81582+00,ddff0b70-23c6-4c7a-a318-cd613e8effc4,,,
dup:script,dup:f9d9f3d21898,"
<SURNAME/>なんでも、その時のコネを使って、
<SURNAME/>ロシア経由で仕入れた武器を密売してるらしいっス
<SURNAME/>用心棒も雇ってるって噂っス。","[""\n<SURNAME/>我还听说，她还在用那时的关系、\n<SURNAME/>通过俄罗斯的一些渠道搞来武器偷偷卖，\n<SURNAME/>而且还雇了保镖呢。"", ""\n<SURNAME/>据说她利用当时的关系，\n<SURNAME/>走私从俄国弄来的武器的说。\n<SURNAME/>还雇了保镖的传闻的说。"", ""\n<SURNAME/>据说，她利用那时的关系，\n<SURNAME/>通过俄罗斯走私武器来卖。\n<SURNAME/>还雇了保镖呢。"", ""\n<SURNAME/>据说，她利用那时的关系，\n<SURNAME/>通过俄罗斯走私武器来卖呢。\n<SURNAME/>还雇了保镖的传闻。""]",\n<SURNAME/>我还听说，她还在用那时的关系、\n<SURNAME/>通过俄罗斯的一些渠道搞来武器偷偷卖，\n<SURNAME/>而且还雇了保镖呢。,2026-06-20 14:25:11.914441+00,0be72aff-33b7-40c4-82ca-dd439af37e70,,,
dup:script,dup:fb7c4e4e5cde,"
<SURNAME/>連続テロの次はイン・ラケチッスか。
<SURNAME/>正に現実は噂よりも奇なり…<pause:15/>
<SURNAME/>何ガ起こるか、分からないッス。","[""\n<SURNAME/>连环恐怖袭击之后是In Lak'ech吗？\n<SURNAME/>真是现实比传闻更离奇…<pause:15/>\n<SURNAME/>谁也说不准接下来还会发生什么啊。"", ""\n<SURNAME/>连续恐怖袭击之后又是In Lak'ech吗？\n<SURNAME/>真是现实比传闻更离奇啊…<pause:15/>\n<SURNAME/>会发生什么完全预料不到呢。"", ""\n<SURNAME/>连续恐怖袭击之后是In Lak'ech吗。\n<SURNAME/>真是现实比传闻更离奇…<pause:15/>\n<SURNAME/>接下来会发生什么，真不知道啊。"", ""\n<SURNAME/>连续恐怖袭击之后是In Lak'ech呢。\n<SURNAME/>真是现实比传闻更离奇…<pause:15/>\n<SURNAME/>会发生什么，真不知道呢。""]",\n<SURNAME/>连环恐怖袭击之后是In Lak'ech吗？\n<SURNAME/>真是现实比传闻更离奇…<pause:15/>\n<SURNAME/>谁也说不准接下来还会发生什么啊。,2026-06-20 14:25:11.914441+00,0be72aff-33b7-40c4-82ca-dd439af37e70,,,
dup:script,dup:fbb6fb06693f,"<c1d:11/>舞耶<c1d:1/>
<SURNAME/>あなたは、彼女たちを守ろうとしたんでしょ?
<SURNAME/>大丈夫…二人とも今度目ガ覚めたら、
<SURNAME/>きっと笑ってくれるわ。
","[""<c1d:11/>舞耶<c1d:1/>\n<SURNAME/>你刚才，是想保护她们两个对吧?\n<SURNAME/>没事的…等她们俩下次醒来，\n<SURNAME/>一定会笑出来的。\n"", ""<c1d:11/>舞耶<c1d:1/>\n<SURNAME/>你刚才，是想保护她们两个对吧?\n<SURNAME/>没事的…等她们俩下次醒来，\n<SURNAME/>一定会笑出来的。\n\n""]",<c1d:11/>舞耶<c1d:1/>\n<SURNAME/>你刚才，是想保护她们两个对吧?\n<SURNAME/>没事的…等她们俩下次醒来，\n<SURNAME/>一定会笑出来的。\n,2026-06-27 07:28:31.10981+00,f391071a-8be3-49de-a8e0-abdc3daca7eb,,,
dup:script,dup:fd394aea80e1,"
<SURNAME/>やっと3人目ガ発表されましたッスねぇ。<pause:15/>
<SURNAME/>残念なガらラジオなので声しか聞けなかったけど、
<SURNAME/>いやいや、どんな子か楽しみッス!","[""\n<SURNAME/>第三个人终于公布了。<pause:15/>\n<SURNAME/>可惜是广播，只能听到声音，\n<SURNAME/>不过，好期待是什么样的孩子啊!"", ""\n<SURNAME/>第三个人终于公布了呢。<pause:15/>\n<SURNAME/>可惜是广播，只能听到声音，\n<SURNAME/>不过，好期待是什么样的女孩啊!"", ""\n<SURNAME/>第三人终于公布了，<pause:15/>\n<SURNAME/>遗憾的是因为是广播，所以只能听到声音，\n<SURNAME/>哎呀呀，好期待是什么样的孩子啊！"", ""\n<SURNAME/>第三位成员终于公布了呢。<pause:15/>\n<SURNAME/>可惜是通过广播，只能听到声音，\n<SURNAME/>不过，还是很期待是什么样的孩子呢!""]",\n<SURNAME/>第三人终于公布了，<pause:15/>\n<SURNAME/>遗憾的是因为是广播，所以只能听到声音，\n<SURNAME/>哎呀呀，好期待是什么样的孩子啊！,2026-06-20 14:25:11.914441+00,0be72aff-33b7-40c4-82ca-dd439af37e70,,,
dup:strtbl,dup:f63ad4e26fcb,"<pause:0/><c1e:0/>【JUSTICE】ナタの
召喚に必要なカード
","[""<pause:0/><c1e:0/>召唤【正义】哪吒\n召唤所需卡片"", ""<pause:0/><c1e:0/>召唤【正义】哪吒\n召唤所需的卡片"", ""<pause:0/><c1e:0/>召唤【正义】哪吒\n所需的卡牌""]",<pause:0/><c1e:0/>【JUSTICE】哪吒的\n召唤所需的卡片,2026-06-22 03:08:21.181401+00,0d282ebf-d5e4-4c28-ac27-81ed1e90e281,,,
